{
  "selected_indices": [
    6,
    3,
    10,
    11,
    12
  ],
  "selected_names": [
    "P3",
    "F4",
    "F7",
    "F8",
    "T3"
  ],
  "n_unique": 5,
  "selection_probabilities": [
    [
      3.0424666595113982e-18,
      2.165254954888951e-05,
      4.711175270949875e-21,
      1.5113646441022865e-06,
      7.372707783543929e-17
    ],
    [
      8.000034384312331e-19,
      1.536297061788261e-10,
      7.449820594964994e-20,
      1.8932844875196864e-11,
      1.47591891169036e-15
    ],
    [
      4.367293005662014e-22,
      9.127102607103982e-18,
      0.00523289805278182,
      2.125399224924377e-18,
      0.021514734253287315
    ],
    [
      8.291260751793034e-17,
      0.7385639548301697,
      1.0017359671279881e-22,
      0.23574742674827576,
      3.1930158057427338e-18
    ],
    [
      1.7396511395198018e-20,
      2.017026487842987e-17,
      2.901588041018255e-12,
      1.0158916122674053e-17,
      2.2903457647771575e-05
    ],
    [
      3.0179046065564324e-17,
      3.899863987300023e-09,
      9.859008781875609e-23,
      6.810704222814934e-10,
      1.0187876543100147e-17
    ],
    [
      0.9999991655349731,
      7.281754192678402e-12,
      6.252142296381256e-19,
      4.381459604851923e-12,
      4.4144950282071216e-13
    ],
    [
      3.575333693656927e-15,
      1.7597458880298832e-16,
      5.739245375875699e-16,
      1.1250523216003132e-16,
      4.38898961618861e-09
    ],
    [
      2.444159596937112e-10,
      4.256231055533438e-13,
      3.080535372457467e-19,
      1.035081634119528e-12,
      4.654417042754266e-13
    ],
    [
      8.197397161026007e-14,
      1.235909267349657e-15,
      1.6667149359439633e-16,
      1.9827789804043603e-15,
      4.7196500041479794e-09
    ],
    [
      7.007592532516974e-22,
      8.391999087449412e-19,
      0.9947670698165894,
      1.8986867258585795e-19,
      0.00517349224537611
    ],
    [
      6.675294074348138e-16,
      0.26119858026504517,
      1.7038403165755087e-23,
      0.7384414672851562,
      7.607432235115702e-19
    ],
    [
      6.2794216790074894e-18,
      1.5717070221940417e-17,
      6.672204455604458e-10,
      1.936512532047893e-18,
      0.9732889533042908
    ],
    [
      2.499932498425256e-13,
      0.00021567959629464895,
      6.457093459764308e-23,
      0.025809338316321373,
      4.7810853289927175e-18
    ],
    [
      8.907883852771192e-07,
      2.965826152376283e-12,
      4.6126263783311135e-19,
      1.7449563929211598e-12,
      3.841634042128783e-12
    ],
    [
      5.588195684457734e-15,
      3.409433873547259e-16,
      2.263498351679085e-16,
      2.1796586335131603e-16,
      2.4742100035446413e-10
    ],
    [
      4.429245709804512e-18,
      7.586847061702429e-08,
      1.6762256766473633e-19,
      2.3133934234920162e-07,
      7.70978705953284e-15
    ],
    [
      1.658005989680117e-20,
      1.3188077995622842e-17,
      1.6477056637230047e-16,
      1.941113972359403e-17,
      2.334051008023863e-11
    ],
    [
      5.224509806576365e-16,
      1.2799554570629135e-16,
      1.3490005536649597e-16,
      3.3898065319726007e-16,
      9.041549453581155e-11
    ]
  ],
  "final_entropy": [
    4.5123815652914345e-06,
    0.1958019882440567,
    0.01110791601240635,
    0.223800927400589,
    0.04633336514234543
  ],
  "entropy_history": [
    0.9999998211860657,
    0.9999998211860657,
    0.9999997019767761,
    0.9999997019767761,
    0.9999996423721313,
    0.9999994039535522,
    0.9999991655349731,
    0.9999987483024597,
    0.9999977350234985,
    0.9999963641166687,
    0.9999943971633911,
    0.999991238117218,
    0.999987006187439,
    0.9999791979789734,
    0.999965488910675,
    0.9999474287033081,
    0.9999227523803711,
    0.9998922348022461,
    0.9998475313186646,
    0.9997857809066772,
    0.9997091293334961,
    0.9996086955070496,
    0.999489426612854,
    0.9993433952331543,
    0.9991817474365234,
    0.998971164226532,
    0.9987454414367676,
    0.9985113143920898,
    0.9982541799545288,
    0.9979637861251831,
    0.9976433515548706,
    0.9972972869873047,
    0.9968980550765991,
    0.9964340329170227,
    0.9959514737129211,
    0.9954328536987305,
    0.9948471784591675,
    0.9942032098770142,
    0.993492603302002,
    0.9926994442939758,
    0.9918311238288879,
    0.9908615350723267,
    0.9898064732551575,
    0.9886451959609985,
    0.9873863458633423,
    0.9859892129898071,
    0.9844444990158081,
    0.9826726913452148,
    0.9808317422866821,
    0.9787247776985168,
    0.976496696472168,
    0.974016547203064,
    0.9713107943534851,
    0.9684125781059265,
    0.965302586555481,
    0.9619143605232239,
    0.9581595659255981,
    0.954116702079773,
    0.9498564600944519,
    0.944961667060852,
    0.9395149946212769,
    0.9337053298950195,
    0.9274822473526001,
    0.9209545254707336,
    0.9137880206108093,
    0.9063906669616699,
    0.8982183337211609,
    0.8895010948181152,
    0.8799673914909363,
    0.8699675798416138,
    0.8591266870498657,
    0.8477795720100403,
    0.8360223770141602,
    0.8233126401901245,
    0.8101083636283875,
    0.7959454655647278,
    0.780861496925354,
    0.7648755311965942,
    0.7485342025756836,
    0.7315714359283447,
    0.7141208648681641,
    0.6964603066444397,
    0.6787140965461731,
    0.6597700715065002,
    0.6405878663063049,
    0.6211735010147095,
    0.6005836725234985,
    0.5795478820800781,
    0.5589028596878052,
    0.5388761758804321,
    0.5237761735916138,
    0.5125767588615417,
    0.4972834587097168,
    0.48186755180358887,
    0.4664002060890198,
    0.4566020965576172,
    0.4417089521884918,
    0.4271577000617981,
    0.4118282198905945,
    0.4023882746696472,
    0.38897639513015747,
    0.3757123053073883,
    0.3641539514064789,
    0.3525872230529785,
    0.3415653109550476,
    0.33356961607933044,
    0.3232908546924591,
    0.31455737352371216,
    0.3053410053253174,
    0.2966965436935425,
    0.28867995738983154,
    0.28061923384666443,
    0.27505040168762207,
    0.26903435587882996,
    0.2618709206581116,
    0.25612106919288635,
    0.2502782940864563,
    0.24485337734222412,
    0.24003581702709198,
    0.23477312922477722,
    0.22941629588603973,
    0.22478151321411133,
    0.22141757607460022,
    0.21797308325767517,
    0.2135457545518875,
    0.2098967283964157,
    0.20954099297523499,
    0.20951983332633972,
    0.208565354347229,
    0.2070428878068924,
    0.20692069828510284,
    0.20690393447875977,
    0.2069336175918579,
    0.20785264670848846,
    0.20903997123241425,
    0.20892266929149628,
    0.20949777960777283,
    0.20865347981452942,
    0.2091560810804367,
    0.20962360501289368,
    0.21037915349006653,
    0.21024179458618164,
    0.2095327377319336,
    0.2085363119840622,
    0.20810317993164062,
    0.20761892199516296,
    0.20678313076496124,
    0.20638737082481384,
    0.20614130795001984,
    0.20579250156879425,
    0.20569190382957458,
    0.20466633141040802,
    0.20529410243034363,
    0.20470324158668518,
    0.2043377161026001,
    0.20418405532836914,
    0.2036375105381012,
    0.20330910384655,
    0.20333346724510193,
    0.203405499458313,
    0.2031429260969162,
    0.20349490642547607,
    0.20431533455848694,
    0.20471031963825226,
    0.20472478866577148,
    0.20427171885967255,
    0.20429575443267822,
    0.20449061691761017,
    0.20404250919818878,
    0.2032005786895752,
    0.20256248116493225,
    0.20100060105323792,
    0.200532466173172,
    0.2004740685224533,
    0.1991862952709198,
    0.198081374168396,
    0.19882459938526154,
    0.19942855834960938,
    0.19919589161872864,
    0.19917099177837372,
    0.19995364546775818,
    0.1999681293964386,
    0.19859746098518372,
    0.19874799251556396,
    0.19823244214057922,
    0.19863677024841309,
    0.19718576967716217,
    0.19761541485786438,
    0.19796122610569,
    0.19773194193840027,
    0.19747133553028107,
