{
  "selected_indices": [
    5,
    2,
    16,
    15,
    17
  ],
  "selected_names": [
    "C4",
    "F3",
    "Fz",
    "T6",
    "Cz"
  ],
  "n_unique": 5,
  "selection_probabilities": [
    [
      3.756848309421912e-05,
      0.0021622858475893736,
      0.0009997551096603274,
      2.50625317686228e-15,
      1.5134435371599864e-10
    ],
    [
      6.936323916306719e-05,
      0.014030017890036106,
      0.057039566338062286,
      1.5823936001381858e-15,
      8.649719274167467e-10
    ],
    [
      1.0015466500590264e-07,
      0.5449159741401672,
      0.0001165482826763764,
      1.1862021446916633e-16,
      9.810776323282422e-12
    ],
    [
      1.2014251296932343e-05,
      0.2157435268163681,
      0.20620512962341309,
      5.393075292310602e-15,
      6.626769966100454e-11
    ],
    [
      3.7529787277890136e-08,
      1.0716045153458253e-06,
      1.2380485259200213e-06,
      7.025327660474119e-19,
      1.3306408752633558e-10
    ],
    [
      0.8658854365348816,
      1.109527474341121e-07,
      0.0011065535945817828,
      3.3971923052433795e-09,
      7.153609260512894e-08
    ],
    [
      2.4101611415972002e-05,
      8.735344003696355e-09,
      0.0009410002385266125,
      4.6295366642380823e-20,
      0.000519591209013015
    ],
    [
      0.03320622071623802,
      9.862399785731668e-11,
      2.0934500355451746e-08,
      1.0274852684233338e-05,
      3.317358050480834e-07
    ],
    [
      1.9872208767424127e-08,
      0.00015762777184136212,
      3.630982092772683e-08,
      3.1731189128070963e-14,
      4.3374926046724216e-12
    ],
    [
      0.006994477938860655,
      2.9606335161247443e-09,
      2.692902612011494e-08,
      9.16624630917795e-05,
      3.786162772190238e-10
    ],
    [
      3.2816424209158868e-06,
      0.03783828392624855,
      1.2915361367049627e-05,
      2.717959056451803e-16,
      6.010628626762493e-12
    ],
    [
      0.0006350565236061811,
      0.1786404699087143,
      0.07485192269086838,
      1.8456830302385901e-13,
      3.039819784778075e-10
    ],
    [
      2.5705034545353556e-07,
      0.0001964671246241778,
      2.382886304985732e-05,
      2.0800070270660395e-17,
      4.728735458758848e-11
    ],
    [
      1.4489259228867013e-05,
      0.004093830473721027,
      9.284831747891076e-08,
      1.6372539903386496e-05,
      6.276525740117611e-12
    ],
    [
      4.6891255323089354e-08,
      7.446348172379658e-05,
      3.701077002915554e-05,
      3.44248313873107e-18,
      9.270643280823165e-11
    ],
    [
      0.00012406428868416697,
      3.7395417962216015e-07,
      2.595242776237683e-08,
      0.9998817443847656,
      1.5224819668868683e-11
    ],
    [
      0.0004453565052244812,
      0.002145555103197694,
      0.5660804510116577,
      6.891270005843447e-16,
      4.547680898525641e-09
    ],
    [
      0.06742849946022034,
      1.5654194607250815e-10,
      0.09254185110330582,
      2.418625963280417e-19,
      0.6936436891555786
    ],
    [
      0.025119666010141373,
      1.1759061606386734e-12,
      4.205741061014123e-05,
      3.681345395881017e-18,
      0.3058362305164337
    ]
  ],
  "final_entropy": [
    0.18941572308540344,
    0.4095528721809387,
    0.42405736446380615,
    0.0004309848300181329,
    0.21056446433067322
  ],
  "entropy_history": [
    0.9999998211860657,
    0.9999997019767761,
    0.9999996423721313,
    0.9999995231628418,
    0.9999994039535522,
    0.9999992251396179,
    0.9999990463256836,
    0.9999986886978149,
    0.9999979734420776,
    0.9999974966049194,
    0.999996542930603,
    0.9999951124191284,
    0.9999938011169434,
    0.9999914169311523,
    0.9999883770942688,
    0.9999843835830688,
    0.9999796152114868,
    0.999972939491272,
    0.9999648332595825,
    0.9999549984931946,
    0.9999443292617798,
    0.9999326467514038,
    0.9999195337295532,
    0.9999038577079773,
    0.9998830556869507,
    0.9998567700386047,
    0.9998265504837036,
    0.9997884035110474,
    0.9997445940971375,
    0.9996927976608276,
    0.9996374249458313,
    0.9995731115341187,
    0.9994927644729614,
    0.9993892908096313,
    0.9992700815200806,
    0.9991344213485718,
    0.9989821314811707,
    0.9988040924072266,
    0.9986020922660828,
    0.9983766674995422,
    0.9981136322021484,
    0.9978281259536743,
    0.9975037574768066,
    0.9970939755439758,
    0.9966421127319336,
    0.9961285591125488,
    0.9955342411994934,
    0.9948036074638367,
    0.9940633773803711,
    0.9932552576065063,
    0.9922899007797241,
    0.9912681579589844,
    0.9900620579719543,
    0.9887571334838867,
    0.9873005151748657,
    0.9856775403022766,
    0.9838336110115051,
    0.9818817377090454,
    0.9797278642654419,
    0.9773901700973511,
    0.9744833707809448,
    0.9715174436569214,
    0.9680339694023132,
    0.964422881603241,
    0.9604421854019165,
    0.9560454487800598,
    0.951299786567688,
    0.946087658405304,
    0.9400496482849121,
    0.9333370327949524,
    0.9259845018386841,
    0.9180253744125366,
    0.9097933769226074,
    0.9004693031311035,
    0.891157329082489,
    0.8813207745552063,
    0.8704811334609985,
    0.8584226369857788,
    0.8454505801200867,
    0.8323081731796265,
    0.8179038763046265,
    0.8032934069633484,
    0.7880227565765381,
    0.7766855955123901,
    0.7689836621284485,
    0.7559800744056702,
    0.7474790215492249,
    0.7341262102127075,
    0.725879967212677,
    0.7127741575241089,
    0.699804425239563,
    0.6949249505996704,
    0.682589054107666,
    0.669622540473938,
    0.6570557355880737,
    0.6498066186904907,
    0.6379270553588867,
    0.6250104308128357,
    0.611723780632019,
    0.6023107171058655,
    0.591133713722229,
    0.5791155099868774,
    0.5677765011787415,
    0.5605379343032837,
    0.5490959882736206,
    0.5365616679191589,
    0.5243483781814575,
    0.5123715996742249,
    0.5001665353775024,
    0.50181645154953,
    0.4919854998588562,
    0.4799576699733734,
    0.4677811563014984,
    0.4557494521141052,
    0.44738659262657166,
    0.44821611046791077,
    0.4392639100551605,
    0.42889779806137085,
    0.41551512479782104,
    0.40670520067214966,
    0.3968183696269989,
    0.3886806070804596,
    0.38031479716300964,
    0.37449461221694946,
    0.3649371564388275,
    0.35645487904548645,
    0.3624928593635559,
    0.3656243681907654,
    0.36638420820236206,
    0.3668211102485657,
    0.36769044399261475,
    0.367509663105011,
    0.36722201108932495,
    0.36653655767440796,
    0.36665043234825134,
    0.36710667610168457,
    0.3669738471508026,
    0.3679209351539612,
    0.36743003129959106,
    0.3676551580429077,
    0.3686069846153259,
    0.3675869107246399,
    0.3667353093624115,
    0.3657177686691284,
    0.36571452021598816,
    0.36556902527809143,
    0.36502471566200256,
    0.364061564207077,
    0.3628530502319336,
    0.3630068898200989,
    0.36268582940101624,
    0.36196622252464294,
    0.3622569739818573,
    0.3632560670375824,
    0.3640354871749878,
    0.3646089434623718,
    0.36461764574050903,
    0.36369654536247253,
    0.3633776605129242,
    0.3627609610557556,
    0.36282771825790405,
    0.3625486195087433,
    0.36287635564804077,
    0.3630084991455078,
    0.36329779028892517,
    0.36358821392059326,
    0.3628123700618744,
    0.3621084690093994,
    0.3623616099357605,
    0.3622642457485199,
    0.3626385033130646,
    0.36333101987838745,
    0.36300259828567505,
    0.36332541704177856,
    0.3630763590335846,
    0.3633350133895874,
    0.3636377453804016,
    0.3634149730205536,
    0.3630116283893585,
    0.3630525469779968,
    0.3628402352333069,
    0.36321520805358887,
    0.3622977137565613,
    0.36169227957725525,
    0.3613089919090271,
    0.3610558807849884,
    0.36084210872650146,
    0.3600000739097595,
    0.3599091172218323,
    0.3594144880771637,
    0.3587239682674408,
    0.3588564395904541,
    0.35813868045806885,
