{
  "selected_indices": [
    11,
    3,
    5,
    9,
    9
  ],
  "selected_names": [
    "F8",
    "F4",
    "C4",
    "O2",
    "O2"
  ],
  "n_unique": 4,
  "selection_probabilities": [
    [
      6.579154582242452e-11,
      2.9672583834461363e-10,
      4.2264782439908194e-14,
      6.650342711418677e-13,
      5.0365002560214325e-15
    ],
    [
      0.3912632167339325,
      0.3141616880893707,
      1.913052827262618e-09,
      5.949302664652069e-16,
      2.27808121500615e-17
    ],
    [
      1.451742010572211e-17,
      4.599315119080211e-17,
      7.634863818974645e-18,
      4.5431102080328856e-07,
      4.64947143286043e-11
    ],
    [
      0.1884515881538391,
      0.348916620016098,
      3.058235265029907e-08,
      1.2070757364295286e-15,
      1.887688030955828e-17
    ],
    [
      1.1812128393909272e-17,
      9.934732805879319e-18,
      9.347897792109699e-19,
      4.6798668051906134e-08,
      3.67799801032076e-12
    ],
    [
      2.6751447279593776e-08,
      5.139179961588525e-07,
      0.9998515844345093,
      4.6167415593614813e-14,
      1.5408757508329242e-15
    ],
    [
      5.884428008881212e-14,
      6.809243652868696e-14,
      1.3235743610059275e-13,
      3.371656009942825e-10,
      7.739232974098009e-13
    ],
    [
      7.187740437845844e-18,
      4.18662180745995e-17,
      7.08674230409656e-11,
      0.2590164542198181,
      0.25468823313713074
    ],
    [
      4.356815608156164e-15,
      1.168872602332581e-14,
      3.945003611977027e-12,
      6.10049042393257e-08,
      2.685178301931046e-09
    ],
    [
      5.076071583909234e-18,
      1.1282635194563053e-17,
      1.1943405986425404e-10,
      0.3729730248451233,
      0.6131261587142944
    ],
    [
      3.3390162857856402e-18,
      8.338929350697117e-18,
      3.812211003954829e-19,
      0.016645433381199837,
      3.596678155304289e-08
    ],
    [
      0.4202776849269867,
      0.3368869125843048,
      2.573859819676727e-05,
      1.9738523913408228e-16,
      4.928387584524629e-18
    ],
    [
      3.386673965905638e-17,
      3.0052560223737615e-17,
      4.666010030125872e-19,
      3.125154034933075e-05,
      4.124645902603419e-10
    ],
    [
      7.515125162171898e-06,
      3.4202239476144314e-05,
      1.0173067721552798e-06,
      3.065537173473033e-15,
      1.8281947528464012e-16
    ],
    [
      1.2360591716831237e-11,
      8.903799572634874e-12,
      3.086781818581355e-15,
      6.233017574297506e-13,
      6.1969154884855635e-15
    ],
    [
      1.3729515683014327e-17,
      2.455149151290476e-17,
      9.97034594642232e-13,
      0.35133135318756104,
      0.13218547403812408
    ],
    [
      3.150137928287222e-08,
      5.534762692605e-08,
      1.7982447128583878e-12,
      1.113148337611794e-14,
      1.7131703255872274e-16
    ],
    [
      4.901649919286655e-11,
      4.258995656147846e-10,
      0.0001217504614032805,
      3.56146141156327e-15,
      2.9396450488027904e-17
    ],
    [
      7.336587784043943e-17,
      2.872377133203202e-16,
      3.051009223042911e-09,
      1.9622614217951195e-06,
      1.3195960946177365e-07
    ]
  ],
  "final_entropy": [
    0.3552677035331726,
    0.37291625142097473,
    0.0005204701446928084,
    0.3918483555316925,
    0.31101319193840027
  ],
  "entropy_history": [
    0.9999998807907104,
    0.9999997019767761,
    0.9999994039535522,
    0.9999988675117493,
    0.9999977350234985,
    0.9999955296516418,
    0.9999923706054688,
    0.9999876022338867,
    0.9999811053276062,
    0.9999706149101257,
    0.9999553561210632,
    0.9999343752861023,
    0.9999032020568848,
    0.9998575448989868,
    0.9998025894165039,
    0.9997261166572571,
    0.9996382594108582,
    0.9995394945144653,
    0.9994282722473145,
    0.9992939233779907,
    0.9991380572319031,
    0.998985767364502,
    0.9988147616386414,
    0.9986276626586914,
    0.9984103441238403,
    0.9981592893600464,
    0.9978929758071899,
    0.9976003766059875,
    0.9972702860832214,
    0.996904730796814,
    0.9965211153030396,
    0.9960941076278687,
    0.9956105947494507,
    0.9950844049453735,
    0.9945074915885925,
    0.9938734173774719,
    0.9931524991989136,
    0.9923614263534546,
    0.9915090799331665,
    0.990533173084259,
    0.9894644021987915,
    0.988368809223175,
    0.987169086933136,
    0.9857842326164246,
    0.9842427372932434,
    0.9826288223266602,
    0.9808756709098816,
    0.9789050221443176,
    0.9768257141113281,
    0.9745535850524902,
    0.9720560312271118,
    0.9693644642829895,
    0.9663738012313843,
    0.9632733464241028,
    0.9599355459213257,
    0.9562872052192688,
    0.9522292017936707,
    0.9477912187576294,
    0.9432059526443481,
    0.9384062886238098,
    0.9330304265022278,
    0.9270580410957336,
    0.920811653137207,
    0.9138557314872742,
    0.9068854451179504,
    0.8994045257568359,
    0.891279399394989,
    0.8826524019241333,
    0.8739525079727173,
    0.8647485971450806,
    0.8552646636962891,
    0.8452409505844116,
    0.8345553278923035,
    0.8234590291976929,
    0.8120324015617371,
    0.8000878095626831,
    0.788094699382782,
    0.7755755186080933,
    0.7623355984687805,
    0.748757004737854,
    0.7357001900672913,
    0.7216405868530273,
    0.707684338092804,
    0.6955410242080688,
    0.6859408617019653,
    0.6736533641815186,
    0.6613905429840088,
    0.6528654098510742,
    0.6410595774650574,
    0.628513753414154,
    0.6165183782577515,
    0.6041712164878845,
    0.5928031206130981,
    0.5809873342514038,
    0.5692445635795593,
    0.5587323904037476,
    0.5477665066719055,
    0.5369274020195007,
    0.5247033834457397,
    0.5127074122428894,
    0.5011464357376099,
    0.4895668029785156,
    0.478222131729126,
    0.4668177664279938,
    0.4532344341278076,
    0.45291996002197266,
    0.44422227144241333,
    0.4352762699127197,
    0.42549243569374084,
    0.41608086228370667,
    0.4070475101470947,
    0.39788490533828735,
    0.3916817307472229,
    0.3933505117893219,
    0.3873349130153656,
    0.38038259744644165,
    0.37405917048454285,
    0.3668765723705292,
    0.36192864179611206,
    0.3551623821258545,
    0.3471255898475647,
    0.33946117758750916,
    0.33112430572509766,
    0.32471323013305664,
    0.31941303610801697,
    0.3196844160556793,
    0.31869271397590637,
    0.3178873658180237,
    0.31479132175445557,
    0.3155210018157959,
    0.31533122062683105,
    0.31569021940231323,
    0.3173200488090515,
    0.3181602656841278,
    0.3176773190498352,
    0.3172245919704437,
    0.316671222448349,
    0.3164244294166565,
    0.3165808618068695,
    0.3183378279209137,
    0.32045793533325195,
    0.3213285207748413,
    0.32149189710617065,
    0.32274046540260315,
    0.3237842321395874,
    0.3240397572517395,
    0.32503777742385864,
    0.32475706934928894,
    0.3229978680610657,
    0.32088497281074524,
    0.3209220767021179,
    0.32038670778274536,
    0.3203025460243225,
    0.3179309368133545,
    0.31928372383117676,
    0.31920546293258667,
    0.31981968879699707,
    0.32122379541397095,
    0.3206443786621094,
    0.32036855816841125,
    0.320951372385025,
    0.3194423317909241,
    0.3196212649345398,
    0.3195916414260864,
    0.3200840353965759,
    0.3224814832210541,
    0.32233935594558716,
    0.3219758868217468,
    0.32101377844810486,
    0.32001274824142456,
    0.3202840983867645,
    0.32100921869277954,
    0.3209218680858612,
    0.32171502709388733,
    0.32159537076950073,
    0.32072919607162476,
    0.31992846727371216,
    0.3206114172935486,
    0.31902340054512024,
    0.3196496367454529,
    0.32016146183013916,
    0.31952404975891113,
    0.32009634375572205,
    0.31911501288414,
    0.318502277135849,
    0.31761202216148376,
    0.3178675174713135,
    0.31843453645706177,
    0.31841784715652466,
    0.31889596581459045,
    0.3179157078266144,
    0.31813326478004456,
    0.31911104917526245,
