{
  "selected_indices": [
    9,
    11,
    12,
    14,
    3
  ],
  "selected_names": [
    "O2",
    "F8",
    "T3",
    "T5",
    "F4"
  ],
  "n_unique": 5,
  "selection_probabilities": [
    [
      1.0018032995490706e-18,
      4.124009578276855e-08,
      2.5611661110745395e-15,
      8.973423604174968e-08,
      2.1660699622838564e-10
    ],
    [
      4.30865275436042e-19,
      0.39736369252204895,
      8.231464527056066e-19,
      0.04629257321357727,
      0.3781592547893524
    ],
    [
      1.3198894871057075e-16,
      2.2807442241236375e-13,
      1.8305969240461906e-10,
      1.3985915290476436e-13,
      2.4434956587672616e-15
    ],
    [
      6.340337844255309e-19,
      0.02992965094745159,
      1.1086749312933452e-18,
      0.0002393845352344215,
      0.4144996702671051
    ],
    [
      1.0411980864146382e-18,
      3.497309863584319e-13,
      2.8766902460120036e-07,
      2.041280122364042e-12,
      4.1774264707241163e-16
    ],
    [
      4.900567392206526e-14,
      4.60194223705912e-06,
      1.7462267407134582e-19,
      1.0996512589400709e-09,
      0.0007994663319550455
    ],
    [
      2.28015230982386e-19,
      1.7969472537515685e-05,
      1.934312736026622e-12,
      2.8282795028644614e-05,
      2.579722676795959e-12
    ],
    [
      0.00802165549248457,
      1.137387032430423e-13,
      1.0160607435711483e-14,
      4.2574954893764404e-15,
      2.0382554032847807e-15
    ],
    [
      1.3084438882314848e-17,
      1.369670371786924e-06,
      6.414577121425027e-14,
      2.5626073352214007e-07,
      1.4589583013924212e-11
    ],
    [
      0.9918459057807922,
      4.7151271466904995e-14,
      1.7216064931622165e-14,
      3.528941699135809e-15,
      1.8674497271632933e-15
    ],
    [
      8.10462630628841e-18,
      2.4932851871431114e-14,
      0.0001988624280784279,
      1.7208156015587062e-13,
      2.0482700591086255e-16
    ],
    [
      3.8548330359802723e-19,
      0.5712277889251709,
      4.745468999767716e-19,
      0.05722784623503685,
      0.2008901983499527
    ],
    [
      6.372973609088735e-20,
      3.2620358237506197e-12,
      0.999735414981842,
      5.211723941300761e-09,
      1.4118096348906422e-15
    ],
    [
      2.8741617919183975e-17,
      0.0013790555531159043,
      9.043703155819089e-19,
      8.804571734799538e-06,
      0.0056490348652005196
    ],
    [
      5.439499318470363e-21,
      7.513603486586362e-05,
      6.5410858951509e-05,
      0.8962029218673706,
      1.0396654240643621e-12
    ],
    [
      6.28758643870242e-05,
      7.28629450611612e-13,
      1.2048801084456329e-13,
      7.668997340924862e-15,
      2.5453056308954395e-15
    ],
    [
      4.433487078395378e-18,
      6.500286531263555e-07,
      1.766528570529471e-18,
      4.63555629437451e-08,
      2.3484412849938963e-06
    ],
    [
      5.86742948064517e-13,
      1.608332824559744e-12,
      1.9431870071741437e-20,
      1.2838254764835355e-14,
      1.237735802739337e-09
    ],
    [
      6.957799632800743e-05,
      1.2478679114330538e-13,
      2.5592979732919252e-17,
      4.5166850301374146e-15,
      1.863223795086147e-14
    ]
  ],
  "final_entropy": [
    0.016337424516677856,
    0.272274374961853,
    0.0008809913997538388,
    0.13808180391788483,
    0.37025079131126404
  ],
  "entropy_history": [
    0.9999998211860657,
    0.9999998211860657,
    0.9999996423721313,
    0.9999994039535522,
    0.9999988675117493,
    0.9999980926513672,
    0.9999966621398926,
    0.9999942779541016,
    0.9999905824661255,
    0.9999855756759644,
    0.9999791383743286,
    0.9999703168869019,
    0.9999589920043945,
    0.9999442100524902,
    0.999926745891571,
    0.9999027252197266,
    0.9998728632926941,
    0.9998365640640259,
    0.9997924566268921,
    0.9997396469116211,
    0.9996700286865234,
    0.9995819330215454,
    0.9994710683822632,
    0.9993268251419067,
    0.9991377592086792,
    0.9989169836044312,
    0.9986673593521118,
    0.9983569383621216,
    0.9980061650276184,
    0.9976465106010437,
    0.9972621202468872,
    0.996799647808075,
    0.9962965846061707,
    0.9957456588745117,
    0.9951065182685852,
    0.9943863153457642,
    0.9936240315437317,
    0.9927576184272766,
    0.9917771220207214,
    0.9907358288764954,
    0.9895855188369751,
    0.9882949590682983,
    0.9869454503059387,
    0.985427737236023,
    0.9837822914123535,
    0.9819663166999817,
    0.9799700975418091,
    0.9776995778083801,
    0.9751264452934265,
    0.9723251461982727,
    0.9693387150764465,
    0.965936541557312,
    0.962325394153595,
    0.9584735631942749,
    0.9542312622070312,
    0.9496440887451172,
    0.9446916580200195,
    0.93937748670578,
    0.9337026476860046,
    0.9273484349250793,
    0.9206986427307129,
    0.9135429263114929,
    0.9053506851196289,
    0.8963431119918823,
    0.8868881464004517,
    0.8771992921829224,
    0.8672963380813599,
    0.8561565279960632,
    0.8445266485214233,
    0.8328205347061157,
    0.8205995559692383,
    0.807705283164978,
    0.7941306233406067,
    0.7804659605026245,
    0.7654465436935425,
    0.7500704526901245,
    0.7346196174621582,
    0.7192522883415222,
    0.7032397389411926,
    0.6868078112602234,
    0.669715166091919,
    0.6563090085983276,
    0.6421896815299988,
    0.6321598887443542,
    0.6188742518424988,
    0.6050718426704407,
    0.5923773646354675,
    0.5791476964950562,
    0.569137454032898,
    0.5568017959594727,
    0.544827401638031,
    0.5329561233520508,
    0.5207592248916626,
    0.5088468790054321,
    0.4993010461330414,
    0.48852401971817017,
    0.47706761956214905,
    0.4687696099281311,
    0.45890751481056213,
    0.44770780205726624,
    0.43795281648635864,
    0.42734241485595703,
    0.41737979650497437,
    0.40762948989868164,
    0.3973819315433502,
    0.387947678565979,
    0.37763410806655884,
    0.3673868477344513,
    0.3588671088218689,
    0.35011792182922363,
    0.3404568135738373,
    0.3315958082675934,
    0.32296663522720337,
    0.31523290276527405,
    0.30650901794433594,
    0.297393262386322,
    0.2875312268733978,
    0.27746912837028503,
    0.26698926091194153,
    0.25841498374938965,
    0.24882535636425018,
    0.24158045649528503,
    0.2346768081188202,
    0.22851674258708954,
    0.22045859694480896,
    0.2127106934785843,
    0.21109800040721893,
    0.20895567536354065,
    0.208317831158638,
    0.2077360451221466,
    0.20688004791736603,
    0.20734259486198425,
    0.2065594643354416,
    0.20486541092395782,
    0.2012212574481964,
    0.19949403405189514,
    0.19888436794281006,
    0.20029690861701965,
    0.20063602924346924,
    0.2002696990966797,
    0.2002788484096527,
    0.1989530771970749,
    0.1974014788866043,
    0.19591405987739563,
    0.1954650580883026,
    0.19527307152748108,
    0.19431371986865997,
    0.19209638237953186,
    0.19224248826503754,
    0.19449841976165771,
    0.19569063186645508,
    0.1933886706829071,
    0.19178956747055054,
    0.18732145428657532,
    0.18655851483345032,
    0.18646273016929626,
    0.18599124252796173,
    0.18566107749938965,
    0.18464893102645874,
    0.18412838876247406,
    0.18420317769050598,
    0.18328264355659485,
    0.18154218792915344,
    0.18199321627616882,
    0.18298372626304626,
    0.18360063433647156,
    0.18383601307868958,
    0.18239541351795197,
    0.18153294920921326,
    0.18029996752738953,
    0.17961156368255615,
    0.17702636122703552,
    0.17681492865085602,
    0.1751624047756195,
    0.1744694709777832,
    0.17433302104473114,
    0.17429861426353455,
    0.17352835834026337,
    0.17260317504405975,
    0.17279428243637085,
    0.1724119931459427,
    0.17206647992134094,
    0.1714610606431961,
    0.1718042641878128,
    0.17033319175243378,
    0.16918858885765076,
    0.1685514748096466,
    0.1687881499528885,
    0.1686994731426239,
    0.1684366911649704,
    0.1676102578639984,
