{
  "selected_indices": [
    8,
    14,
    9,
    3,
    17
  ],
  "selected_names": [
    "O1",
    "T5",
    "O2",
    "F4",
    "Cz"
  ],
  "n_unique": 5,
  "selection_probabilities": [
    [
      2.1475497646861186e-07,
      2.807221051170927e-07,
      1.848550775409333e-24,
      0.00024329664302058518,
      2.58180873598593e-13
    ],
    [
      6.299710264556779e-08,
      1.7260060047874504e-08,
      1.7007129564028505e-23,
      0.0004169285821262747,
      8.595287838680105e-14
    ],
    [
      1.7702203649605508e-06,
      1.895960849651601e-05,
      1.9846803603035707e-25,
      0.0005478379316627979,
      9.18267486382145e-15
    ],
    [
      1.050386345013976e-06,
      6.777575833893934e-08,
      1.260246947946362e-23,
      0.533420741558075,
      2.5957654428698795e-11
    ],
    [
      2.1319095822036616e-08,
      2.7642338071287575e-11,
      2.415482231025423e-26,
      9.528372882372516e-12,
      4.51180410865798e-16
    ],
    [
      1.8364147279670978e-13,
      2.5258188756142018e-14,
      3.386954090620079e-18,
      6.673720054095611e-05,
      8.270436419044458e-11
    ],
    [
      0.28427770733833313,
      2.1332688504571706e-08,
      9.946956202071621e-25,
      9.836725922696132e-08,
      7.930595529614948e-06
    ],
    [
      3.4673156053000856e-15,
      7.442427197781328e-17,
      1.4333585707237972e-10,
      1.5125717345298995e-10,
      3.987589338588782e-12
    ],
    [
      0.505184531211853,
      0.25573599338531494,
      7.777851403395278e-24,
      0.12216243147850037,
      7.016934091552685e-07
    ],
    [
      1.9883511612368843e-13,
      7.546699335868497e-15,
      1.0,
      3.7855284062970895e-07,
      1.9546766982792008e-10
    ],
    [
      1.478474445093525e-07,
      1.5324939539596016e-08,
      6.388981020118514e-25,
      3.893268058163812e-06,
      1.575501398925496e-15
    ],
    [
      1.1054174109403903e-07,
      1.94560993804771e-06,
      2.017351034693299e-24,
      0.27856260538101196,
      1.2392751856996325e-14
    ],
    [
      0.00028685436700470746,
      0.004612916149199009,
      2.0619310435615356e-25,
      4.275681931176223e-06,
      8.590333712378204e-15
    ],
    [
      1.527977411264203e-09,
      6.973246513553022e-08,
      8.874897387319887e-24,
      0.017327772453427315,
      4.263065154521111e-15
    ],
    [
      0.2102474868297577,
      0.7396298050880432,
      4.550276042319148e-27,
      0.047204967588186264,
      1.826551965233847e-10
    ],
    [
      1.0810643558730598e-13,
      3.122642864227497e-14,
      3.196746429079439e-20,
      2.6191161239808025e-08,
      6.877790535279079e-16
    ],
    [
      5.2546425877153524e-08,
      5.13724451867148e-10,
      6.984213156532247e-24,
      3.802389619522728e-05,
      1.093366785998029e-10
    ],
    [
      2.222381519534789e-15,
      1.6882873761854277e-17,
      4.562774270764074e-19,
      4.292984221690617e-14,
      0.9999914169311523
    ],
    [
      4.875748225709143e-15,
      4.856106391930153e-17,
      4.128910077866615e-17,
      7.231133823237118e-14,
      3.6008487858119054e-10
    ]
  ],
  "final_entropy": [
    0.35075733065605164,
    0.20270484685897827,
    1.4397571135305043e-08,
    0.39838361740112305,
    3.7941157643217593e-05
  ],
  "entropy_history": [
    0.9999998211860657,
    0.9999998211860657,
    0.9999996423721313,
    0.9999996423721313,
    0.9999994039535522,
    0.9999990463256836,
    0.9999986886978149,
    0.9999980926513672,
    0.9999973177909851,
    0.9999960064888,
    0.9999940991401672,
    0.999991774559021,
    0.9999884366989136,
    0.9999845623970032,
    0.9999791979789734,
    0.999972939491272,
    0.9999651908874512,
    0.9999555349349976,
    0.9999440908432007,
    0.9999321103096008,
    0.9999182820320129,
    0.9999000430107117,
    0.9998770952224731,
    0.9998499155044556,
    0.9998165965080261,
    0.9997764825820923,
    0.9997323751449585,
    0.9996780157089233,
    0.9996150135993958,
    0.9995372891426086,
    0.9994490742683411,
    0.999346911907196,
    0.9992273449897766,
    0.9990853071212769,
    0.9989269375801086,
    0.9987546801567078,
    0.9985634088516235,
    0.9983375668525696,
    0.998079776763916,
    0.9977703094482422,
    0.9974111318588257,
    0.9970139265060425,
    0.9965540170669556,
    0.9960182309150696,
    0.9954285621643066,
    0.9947580099105835,
    0.9940429925918579,
    0.9931720495223999,
    0.9921998977661133,
    0.9910828471183777,
    0.9898616075515747,
    0.9884363412857056,
    0.9869138598442078,
    0.9851599931716919,
    0.983330249786377,
    0.9812326431274414,
    0.97889643907547,
    0.9763251543045044,
    0.9734283685684204,
    0.9701927304267883,
    0.9666444659233093,
    0.962698757648468,
    0.9583861231803894,
    0.9535547494888306,
    0.9480721354484558,
    0.9418339729309082,
    0.9350950121879578,
    0.9272465705871582,
    0.9186517596244812,
    0.909654974937439,
    0.9001163244247437,
    0.8896937370300293,
    0.877999484539032,
    0.8652462959289551,
    0.8518244624137878,
    0.8366087079048157,
    0.8257859349250793,
    0.8106530904769897,
    0.8021291494369507,
    0.7926899790763855,
    0.7841087579727173,
    0.7746680974960327,
    0.767072856426239,
    0.7536146640777588,
    0.7432426810264587,
    0.732552170753479,
    0.7193630933761597,
    0.7079013586044312,
    0.693422794342041,
    0.6789653301239014,
    0.6641700863838196,
    0.653100848197937,
    0.6377812623977661,
    0.621565580368042,
    0.6065224409103394,
    0.5890527367591858,
    0.5769633054733276,
    0.5612673759460449,
    0.5454493761062622,
    0.529640793800354,
    0.516751766204834,
    0.5022212266921997,
    0.4880121648311615,
    0.4729415476322174,
    0.46224722266197205,
    0.44939613342285156,
    0.4363994598388672,
    0.42303037643432617,
    0.4090328812599182,
    0.39772844314575195,
    0.38611334562301636,
    0.37616562843322754,
    0.36744484305381775,
    0.35789424180984497,
    0.34830716252326965,
    0.3403283655643463,
    0.33387070894241333,
    0.32644152641296387,
    0.31958574056625366,
    0.31297001242637634,
    0.31040772795677185,
    0.305063396692276,
    0.2991958260536194,
    0.2942138612270355,
    0.2897494435310364,
    0.2853890061378479,
    0.28517311811447144,
    0.2858494222164154,
    0.2860403060913086,
    0.2860293388366699,
    0.2856699824333191,
    0.2859188914299011,
    0.2814067602157593,
    0.2781541645526886,
    0.2772176265716553,
    0.27643129229545593,
    0.2765157222747803,
    0.27692556381225586,
    0.2765132486820221,
    0.276915967464447,
    0.2781605124473572,
    0.27856284379959106,
    0.27823084592819214,
    0.27861565351486206,
    0.27821043133735657,
    0.27791422605514526,
    0.27782171964645386,
    0.277730792760849,
    0.27695339918136597,
    0.2761501669883728,
    0.2760879397392273,
    0.2763388752937317,
    0.2758786380290985,
    0.27555763721466064,
    0.27545827627182007,
    0.2754588723182678,
    0.2756769359111786,
    0.2752690017223358,
    0.27587297558784485,
    0.27570611238479614,
    0.2756926417350769,
    0.27517881989479065,
    0.27491042017936707,
    0.2744837701320648,
    0.27399104833602905,
    0.27376168966293335,
    0.2736242115497589,
    0.27403202652931213,
    0.27415719628334045,
    0.2736040949821472,
    0.2738550305366516,
    0.27404117584228516,
    0.2739661633968353,
    0.27276164293289185,
    0.2720450758934021,
    0.27144140005111694,
    0.27153831720352173,
    0.270902156829834,
    0.27134013175964355,
    0.2716146409511566,
    0.2715524733066559,
    0.2714836597442627,
    0.27086347341537476,
    0.2705990970134735,
    0.26956304907798767,
    0.268632709980011,
    0.2682074308395386,
    0.26806578040122986,
    0.26641491055488586,
    0.2650039792060852,
    0.26509523391723633,
    0.2653440535068512,
    0.26542654633522034,
