{
  "selected_indices": [
    17,
    18,
    11,
    12,
    11
  ],
  "selected_names": [
    "Cz",
    "Pz",
    "F8",
    "T3",
    "F8"
  ],
  "n_unique": 4,
  "selection_probabilities": [
    [
      5.441886941071061e-10,
      1.0143329232104037e-10,
      3.0945791706926684e-08,
      2.441904635175249e-19,
      4.754281412999717e-10
    ],
    [
      6.113765049775566e-10,
      4.868221711168408e-12,
      2.0457149307873124e-09,
      1.4618593652118026e-19,
      1.256294374085698e-10
    ],
    [
      3.1128916718609068e-12,
      3.700333225595265e-13,
      8.844631841156692e-13,
      6.717525019515869e-16,
      7.524193941510493e-13
    ],
    [
      9.412642887340894e-10,
      3.9807573903871685e-10,
      3.399184222985241e-08,
      1.6220543291896044e-20,
      1.1494997842476096e-08
    ],
    [
      2.845684213359463e-16,
      7.033552482740857e-17,
      2.1328910328194942e-16,
      5.5009411880746484e-05,
      2.2949211564398514e-16
    ],
    [
      0.3158051669597626,
      0.13118769228458405,
      0.19909894466400146,
      6.021877383740938e-22,
      0.29798778891563416
    ],
    [
      1.491926699369317e-13,
      4.226958681078502e-14,
      1.6332450325441845e-14,
      3.770535172975542e-08,
      2.3463146369925338e-14
    ],
    [
      7.071941254821468e-09,
      7.456453232634885e-09,
      3.265484549430653e-09,
      6.836144733540765e-19,
      2.0189864002873037e-08
    ],
    [
      8.815077980712724e-14,
      2.5800433837985803e-13,
      4.92306763660421e-14,
      3.2596873117407554e-11,
      2.849429676585191e-14
    ],
    [
      1.1966734894675035e-11,
      2.7110260650969886e-12,
      1.003350831238481e-12,
      4.808370566403326e-15,
      3.81830417978124e-12
    ],
    [
      2.316493444480083e-15,
      3.34250360645627e-15,
      2.0733433196083164e-15,
      2.7563551157072652e-06,
      8.749640704482477e-16
    ],
    [
      0.048458147794008255,
      0.00013909889094065875,
      0.5818803906440735,
      1.2174552701841824e-21,
      0.3537008762359619
    ],
    [
      3.20879204419389e-15,
      1.704352447908514e-16,
      1.2601730555193485e-15,
      0.9997711777687073,
      3.197005951309761e-16
    ],
    [
      1.560091389407603e-09,
      7.93731469439507e-11,
      1.474156885450384e-08,
      1.5691360311128926e-19,
      2.864553039216844e-09
    ],
    [
      2.245848736745059e-14,
      4.621827229880091e-15,
      3.1688480879837454e-15,
      0.00017104335711337626,
      9.984406794990696e-15
    ],
    [
      9.762946007185747e-11,
      5.276528779879497e-12,
      1.8766141418602444e-11,
      5.577504169899694e-17,
      7.894050864376556e-12
    ],
    [
      1.1147220924101475e-08,
      1.5250228857510706e-09,
      0.0982520803809166,
      3.763944498224477e-20,
      9.6469977961533e-07
    ],
    [
      0.4287567138671875,
      0.23096664249897003,
      0.11927112191915512,
      1.924634185130147e-22,
      0.21366551518440247
    ],
    [
      0.20697997510433197,
      0.6377065777778625,
      0.001497386721894145,
      4.71227952475589e-21,
      0.1346447616815567
    ]
  ],
  "final_entropy": [
    0.40748435258865356,
    0.30330440402030945,
    0.38300636410713196,
    0.0007770077791064978,
    0.45106345415115356
  ],
  "entropy_history": [
    0.9999998211860657,
    0.9999998211860657,
    0.9999995231628418,
    0.999998927116394,
    0.9999977350234985,
    0.9999955892562866,
    0.9999925494194031,
    0.9999884366989136,
    0.9999828338623047,
    0.9999763369560242,
    0.9999662637710571,
    0.9999521374702454,
    0.9999315142631531,
    0.999902069568634,
    0.9998626708984375,
    0.9998086094856262,
    0.9997438192367554,
    0.9996620416641235,
    0.9995622634887695,
    0.9994525909423828,
    0.9993196725845337,
    0.9991751909255981,
    0.9990156292915344,
    0.9988396763801575,
    0.9986483454704285,
    0.9984343647956848,
    0.9981897473335266,
    0.9979154467582703,
    0.9975969195365906,
    0.9972408413887024,
    0.9968636631965637,
    0.9964467883110046,
    0.9959635734558105,
    0.9954469799995422,
    0.9948943853378296,
    0.9942787289619446,
    0.9936094284057617,
    0.9928862452507019,
    0.9920651316642761,
    0.991130530834198,
    0.9900850057601929,
    0.9889242053031921,
    0.9876060485839844,
    0.9862236976623535,
    0.9846811294555664,
    0.9830256700515747,
    0.9811981916427612,
    0.9791753888130188,
    0.9768942594528198,
    0.9742673635482788,
    0.9713947176933289,
    0.9682376980781555,
    0.9648394584655762,
    0.9612665176391602,
    0.9573860168457031,
    0.952855110168457,
    0.9479967951774597,
    0.9424313306808472,
    0.9364656209945679,
    0.9301820993423462,
    0.9229317903518677,
    0.9149654507637024,
    0.906579852104187,
    0.8976117968559265,
    0.8877189755439758,
    0.8772876858711243,
    0.8659771084785461,
    0.8536316156387329,
    0.840307891368866,
    0.8261310458183289,
    0.811259388923645,
    0.8017898797988892,
    0.789161741733551,
    0.7767387628555298,
    0.7632433176040649,
    0.7497300505638123,
    0.7347078323364258,
    0.7198934555053711,
    0.7054324150085449,
    0.6930537223815918,
    0.6797364950180054,
    0.6659060716629028,
    0.6525988578796387,
    0.6390424966812134,
    0.6251717805862427,
    0.6114639043807983,
    0.598813533782959,
    0.5861614346504211,
    0.5743924975395203,
    0.5627657771110535,
    0.5521200299263,
    0.5420955419540405,
    0.5321195125579834,
    0.5225863456726074,
    0.5136055946350098,
    0.5050990581512451,
    0.4969215989112854,
    0.48991814255714417,
    0.4844556450843811,
    0.4778258800506592,
    0.4716554284095764,
    0.46652230620384216,
    0.46120405197143555,
    0.4563639163970947,
    0.45159807801246643,
    0.44758176803588867,
    0.44359779357910156,
    0.4402585029602051,
    0.4365420937538147,
    0.43354278802871704,
    0.43017396330833435,
    0.4270610809326172,
    0.4226451516151428,
    0.418710857629776,
    0.4152374267578125,
    0.41228413581848145,
    0.40906190872192383,
    0.40566539764404297,
    0.4008549749851227,
    0.3964770436286926,
    0.39182353019714355,
    0.3882083296775818,
    0.38434240221977234,
    0.3805772662162781,
    0.37722349166870117,
    0.37442949414253235,
    0.3750900626182556,
    0.3745656907558441,
    0.3729836642742157,
    0.3712424635887146,
    0.3699064254760742,
    0.36965590715408325,
    0.3694082200527191,
    0.36970025300979614,
    0.3693859279155731,
    0.3696417808532715,
    0.3687743544578552,
    0.36675211787223816,
    0.36482369899749756,
    0.3650354743003845,
    0.3645961284637451,
    0.36350327730178833,
    0.36095795035362244,
    0.3598196506500244,
    0.3586387038230896,
    0.35834866762161255,
    0.3578184247016907,
    0.35755592584609985,
    0.35735243558883667,
    0.3571862280368805,
    0.3567233681678772,
    0.3552541732788086,
    0.3540191650390625,
    0.35338327288627625,
    0.3535006642341614,
    0.35238176584243774,
    0.3509252071380615,
    0.3496796488761902,
    0.34827283024787903,
    0.34758755564689636,
    0.34668123722076416,
    0.3454356789588928,
    0.3433716893196106,
    0.3435952067375183,
    0.34344321489334106,
    0.3429334759712219,
    0.3419261872768402,
    0.34099435806274414,
    0.3373641073703766,
    0.3344917297363281,
    0.33360499143600464,
    0.33230432868003845,
    0.3318139612674713,
    0.3314450681209564,
    0.3303450345993042,
    0.3295508921146393,
    0.3289176821708679,
    0.32696473598480225,
    0.3270111083984375,
    0.3262566924095154,
    0.32678812742233276,
    0.32733798027038574,
    0.3287461996078491,
    0.32864755392074585,
    0.32931259274482727,
    0.32991552352905273,
    0.3303661644458771,
    0.3299272954463959,
    0.33002257347106934,
    0.3298003077507019,
    0.3283846378326416,
    0.32786351442337036,
    0.32628998160362244,
