{
  "selected_indices": [
    17,
    17,
    14,
    10,
    11
  ],
  "selected_names": [
    "Cz",
    "Cz",
    "T5",
    "F7",
    "F8"
  ],
  "n_unique": 4,
  "selection_probabilities": [
    [
      0.000650714966468513,
      0.00032906144042499363,
      0.002154471818357706,
      0.00034978819894604385,
      0.00023753632558509707
    ],
    [
      0.011452991515398026,
      0.0076803481206297874,
      0.0006368251633830369,
      9.230296564055607e-05,
      0.0031320115085691214
    ],
    [
      0.00012670116848312318,
      6.948650843696669e-05,
      0.036145105957984924,
      0.023987043648958206,
      0.0001563561090733856
    ],
    [
      0.1254834681749344,
      0.09579681605100632,
      0.001622572890482843,
      4.833246930502355e-05,
      0.08689090609550476
    ],
    [
      8.95721823326312e-05,
      6.461067823693156e-05,
      0.16457287967205048,
      0.03927338123321533,
      5.420193338068202e-05
    ],
    [
      0.09892155230045319,
      0.09925736486911774,
      0.0003662361123133451,
      9.170089469989762e-05,
      0.1425555944442749
    ],
    [
      0.07600051164627075,
      0.06250717490911484,
      0.1671140342950821,
      0.0004193005443084985,
      0.07946670800447464
    ],
    [
      0.00016526554827578366,
      0.00027320769731886685,
      0.0007379590533673763,
      0.07061052322387695,
      0.0004696057003457099
    ],
    [
      0.0014617601409554482,
      0.000483883690321818,
      0.14259439706802368,
      0.06360800564289093,
      0.001756978570483625
    ],
    [
      0.00026216014521196485,
      0.0002156961418222636,
      0.01287838164716959,
      0.05491366237401962,
      0.00053750368533656
    ],
    [
      3.089409074163996e-05,
      1.7555274098413065e-05,
      0.023848172277212143,
      0.35452741384506226,
      4.473854278330691e-05
    ],
    [
      0.2712309956550598,
      0.27095985412597656,
      0.0003736960352398455,
      2.3141568817663938e-05,
      0.2623685598373413
    ],
    [
      5.477411832544021e-05,
      1.966965828614775e-05,
      0.06904281675815582,
      0.2902323603630066,
      5.765382229583338e-05
    ],
    [
      0.08592083305120468,
      0.07598160952329636,
      0.000444278703071177,
      6.516522989841178e-05,
      0.170993834733963
    ],
    [
      0.0014406114351004362,
      0.0002129997155861929,
      0.3644618093967438,
      0.04825659841299057,
      0.001638474641367793
    ],
    [
      0.0001937486231327057,
      0.0001634657965041697,
      0.0006137894233688712,
      0.04980222135782242,
      0.0003322079428471625
    ],
    [
      0.02051069214940071,
      0.02341233566403389,
      0.001553049311041832,
      9.333054913440719e-05,
      0.011242239736020565
    ],
    [
      0.29765522480010986,
      0.35128286480903625,
      0.0006537307053804398,
      1.5872208678047173e-05,
      0.22716568410396576
    ],
    [
      0.008347596973180771,
      0.011272020637989044,
      0.010185889899730682,
      0.0035897919442504644,
      0.010899224318563938
    ]
  ],
  "final_entropy": [
    0.6158470511436462,
    0.5894480347633362,
    0.6114177107810974,
    0.608290433883667,
    0.6234055757522583
  ],
  "entropy_history": [
    0.9999998211860657,
    0.9999997019767761,
    0.9999997019767761,
    0.9999997019767761,
    0.9999996423721313,
    0.9999994039535522,
    0.9999992251396179,
    0.999998927116394,
    0.9999982714653015,
    0.9999974966049194,
    0.9999963641166687,
    0.9999947547912598,
    0.9999926686286926,
    0.9999901056289673,
    0.9999867677688599,
    0.9999826550483704,
    0.9999772906303406,
    0.9999707341194153,
    0.9999626278877258,
    0.9999530911445618,
    0.9999411702156067,
    0.999925971031189,
    0.9999074935913086,
    0.9998838305473328,
    0.9998563528060913,
    0.999823272228241,
    0.9997850656509399,
    0.9997385740280151,
    0.9996827244758606,
    0.9996173977851868,
    0.9995388984680176,
    0.9994457960128784,
    0.999332070350647,
    0.999197781085968,
    0.9990487098693848,
    0.9988714456558228,
    0.9986656904220581,
    0.998440146446228,
    0.9981983304023743,
    0.9979163408279419,
    0.9975997805595398,
    0.9972419738769531,
    0.9968473315238953,
    0.9964105486869812,
    0.9959176182746887,
    0.9953702092170715,
    0.994763970375061,
    0.9940953254699707,
    0.9933455586433411,
    0.9925419688224792,
    0.9916445016860962,
    0.9906601905822754,
    0.9895724058151245,
    0.9883726239204407,
    0.9870481491088867,
    0.9855300188064575,
    0.983850359916687,
    0.9820785522460938,
    0.9802180528640747,
    0.9782530069351196,
    0.9760095477104187,
    0.9735811948776245,
    0.9709504246711731,
    0.9680217504501343,
    0.9649264216423035,
    0.9615357518196106,
    0.9578492045402527,
    0.9538578987121582,
    0.9495373964309692,
    0.944922924041748,
    0.9398854970932007,
    0.9345585107803345,
    0.9288862347602844,
    0.9228714108467102,
    0.9163399934768677,
    0.909437358379364,
    0.9023563265800476,
    0.8948032259941101,
    0.8868027925491333,
    0.8783425092697144,
    0.8693071603775024,
    0.8598260879516602,
    0.8499495387077332,
    0.839763343334198,
    0.8292852640151978,
    0.8188527822494507,
    0.8081728219985962,
    0.7972452640533447,
    0.7863247394561768,
    0.7750974893569946,
    0.7634589076042175,
    0.7517951130867004,
    0.7402072548866272,
    0.7288079261779785,
    0.717503547668457,
    0.7058831453323364,
    0.6944217085838318,
    0.6827424764633179,
    0.6710690259933472,
    0.6595529317855835,
    0.6479069590568542,
    0.6365156173706055,
    0.6246954202651978,
    0.6162394881248474,
    0.6059606671333313,
    0.5947926640510559,
    0.5837990045547485,
    0.5729309320449829,
    0.5620607137680054,
    0.5560628771781921,
    0.5514206886291504,
    0.5437636971473694,
    0.5352742671966553,
    0.5262035727500916,
    0.5172029733657837,
    0.5101507902145386,
    0.5040711760520935,
    0.4968758523464203,
    0.4887290894985199,
    0.48062095046043396,
    0.4750909209251404,
    0.470212459564209,
    0.46417245268821716,
    0.45723915100097656,
    0.45013219118118286,
    0.44261646270751953,
    0.4422163963317871,
    0.44089585542678833,
    0.4360692501068115,
    0.43429288268089294,
    0.4330301284790039,
    0.4316476881504059,
    0.42906904220581055,
    0.42789292335510254,
    0.42626953125,
    0.4251890778541565,
    0.424993097782135,
    0.4256698191165924,
    0.4261487126350403,
    0.42745429277420044,
    0.4279271960258484,
    0.4278344511985779,
    0.4284610152244568,
    0.4289514124393463,
    0.4286251962184906,
    0.42905640602111816,
    0.429713636636734,
    0.42978405952453613,
    0.42935246229171753,
    0.42886418104171753,
    0.4280637800693512,
    0.42783838510513306,
    0.4272002577781677,
    0.42702704668045044,
    0.4258643090724945,
    0.4250656068325043,
    0.4244421422481537,
    0.42427849769592285,
    0.42446333169937134,
    0.42436137795448303,
    0.42450571060180664,
    0.42501121759414673,
    0.4249799847602844,
    0.42460399866104126,
    0.42436689138412476,
    0.42491254210472107,
    0.4257015287876129,
    0.42612797021865845,
    0.42586836218833923,
    0.42610177397727966,
    0.42545169591903687,
    0.4257192015647888,
    0.425011545419693,
    0.4240759015083313,
    0.42272695899009705,
    0.4200316369533539,
    0.4169134199619293,
    0.41383981704711914,
    0.41086816787719727,
    0.4096302092075348,
    0.40916281938552856,
    0.4086456298828125,
    0.4092218279838562,
    0.4092160761356354,
    0.4094652235507965,
    0.4091624319553375,
    0.40788549184799194,
    0.4073639512062073,
    0.40622520446777344,
    0.40531644225120544,
    0.4046984612941742,
    0.4038437008857727,
    0.40403690934181213,
    0.40407562255859375,
    0.403757244348526,
    0.4033541679382324,
