{
  "selected_indices": [
    7,
    12,
    9,
    14,
    8
  ],
  "selected_names": [
    "P4",
    "T3",
    "O2",
    "T5",
    "O1"
  ],
  "n_unique": 5,
  "selection_probabilities": [
    [
      3.6064902175780844e-09,
      0.00031888726516626775,
      2.2289070589209814e-09,
      0.00016762831364758313,
      9.918294381350279e-07
    ],
    [
      1.5707459777303256e-09,
      8.852047176333144e-05,
      9.716594195907646e-10,
      0.0005230976967141032,
      5.510078722181788e-07
    ],
    [
      5.5754786204564866e-11,
      0.0007823930354788899,
      2.2800834831304684e-10,
      7.1196354838320985e-06,
      2.1012422735111613e-07
    ],
    [
      5.521785695350445e-09,
      0.0001944946707226336,
      3.7621780690777484e-10,
      0.00027830619364976883,
      3.748140443349257e-06
    ],
    [
      7.249297733283311e-13,
      0.0023056340869516134,
      2.0683739009735858e-12,
      1.2951922201409616e-07,
      1.3971231282994268e-07
    ],
    [
      0.11953756958246231,
      4.2236648206683824e-11,
      0.010881662368774414,
      9.542858947497734e-09,
      5.561276772425572e-09
    ],
    [
      7.691988379576742e-09,
      0.15311773121356964,
      2.514858365998407e-08,
      0.005482131615281105,
      0.42362555861473083
    ],
    [
      0.5268664956092834,
      9.821672555115901e-13,
      0.33648887276649475,
      1.247601522959274e-12,
      3.75375390493371e-11
    ],
    [
      6.770688196411356e-05,
      0.00019172563042957336,
      0.0013390973908826709,
      0.4387609362602234,
      0.526151716709137
    ],
    [
      0.3533468544483185,
      2.3559348916180056e-12,
      0.6508678197860718,
      8.980096527499981e-11,
      6.2349667651062646e-09
    ],
    [
      3.1206953687856753e-11,
      5.278189746604767e-06,
      5.499740593495339e-11,
      7.516523403694464e-09,
      8.621506841777204e-10
    ],
    [
      2.7317897277612246e-08,
      1.6925163436098956e-05,
      4.180659818331378e-09,
      0.00020771018171217293,
      4.116163552225771e-07
    ],
    [
      1.1327278004458208e-10,
      0.4308905303478241,
      1.5694707755642412e-09,
      0.0072516752406954765,
      0.0019163001561537385
    ],
    [
      1.497554791285438e-07,
      2.007852373253627e-08,
      1.9763422898222416e-08,
      4.21516176629666e-07,
      1.6144596770573116e-08
    ],
    [
      2.4989050828594372e-09,
      0.41112688183784485,
      3.4466609122318914e-08,
      0.5472984910011292,
      0.04830019548535347
    ],
    [
      0.00018009793711826205,
      2.252675910391355e-12,
      0.00042012782068923116,
      1.5618199442068992e-11,
      2.1901218685838053e-11
    ],
    [
      6.258834422956383e-11,
      0.0009609099943190813,
      3.729097933224956e-11,
      2.2305255697574466e-05,
      1.0442425946166622e-07
    ],
    [
      1.672108523691207e-12,
      7.467019003115638e-09,
      2.826904021199089e-13,
      6.673705425092047e-12,
      1.5802388564356562e-10
    ],
    [
      1.123296783589467e-06,
      7.356843606531882e-11,
      2.341851313758525e-06,
      4.602192238412073e-11,
      1.6453759243972854e-08
    ]
  ],
  "final_entropy": [
    0.3264944851398468,
    0.3561805188655853,
    0.2402375340461731,
    0.25994420051574707,
    0.29213351011276245
  ],
  "entropy_history": [
    0.9999998211860657,
    0.9999998211860657,
    0.9999998211860657,
    0.9999996423721313,
    0.9999994039535522,
    0.999998927116394,
    0.9999979734420776,
    0.9999967813491821,
    0.9999948740005493,
    0.9999923706054688,
    0.99998939037323,
    0.9999855756759644,
    0.9999796748161316,
    0.9999721646308899,
    0.9999629855155945,
    0.9999526143074036,
    0.9999400973320007,
    0.9999232292175293,
    0.9999009370803833,
    0.9998769760131836,
    0.9998472332954407,
    0.9998074769973755,
    0.9997597932815552,
    0.9997072219848633,
    0.9996407628059387,
    0.9995625615119934,
    0.9994732141494751,
    0.9993786811828613,
    0.9992605447769165,
    0.9991233944892883,
    0.998970627784729,
    0.9987818002700806,
    0.998578667640686,
    0.9983299374580383,
    0.9980678558349609,
    0.9977658987045288,
    0.9974153637886047,
    0.9969932436943054,
    0.9965268969535828,
    0.9960142374038696,
    0.99542236328125,
    0.9947788119316101,
    0.9941104054450989,
    0.9933159947395325,
    0.9924675226211548,
    0.9915363192558289,
    0.9904972314834595,
    0.9893518686294556,
    0.9880133867263794,
    0.9865797162055969,
    0.9850862622261047,
    0.9834105372428894,
    0.9813712239265442,
    0.9791033864021301,
    0.9766319394111633,
    0.9739789962768555,
    0.9709376096725464,
    0.9676717519760132,
    0.9639714956283569,
    0.9600356817245483,
    0.9558525085449219,
    0.9509214162826538,
    0.9454768300056458,
    0.9397305250167847,
    0.9334803819656372,
    0.9267244338989258,
    0.9187523126602173,
    0.9104407429695129,
    0.9015375375747681,
    0.8917254209518433,
    0.8811297416687012,
    0.8694700002670288,
    0.8565012216567993,
    0.8428942561149597,
    0.8285273313522339,
    0.8125297427177429,
    0.7951712012290955,
    0.7870659232139587,
    0.7715728878974915,
    0.7546175122261047,
    0.7425559759140015,
    0.725495457649231,
    0.7074564099311829,
    0.695032000541687,
    0.677978515625,
    0.6595233082771301,
    0.6439658999443054,
    0.6254571080207825,
    0.613123893737793,
    0.5967221856117249,
    0.591441810131073,
    0.577340304851532,
    0.5619027018547058,
    0.5472638010978699,
    0.539444088935852,
    0.5257541537284851,
    0.5118225812911987,
    0.5003637671470642,
    0.48957785964012146,
    0.4775477349758148,
    0.4706859588623047,
    0.45949220657348633,
    0.44809669256210327,
    0.43767911195755005,
    0.42737287282943726,
    0.41692930459976196,
    0.40726780891418457,
    0.39776313304901123,
    0.39213329553604126,
    0.38390153646469116,
    0.375478595495224,
    0.36936765909194946,
    0.3622221350669861,
    0.3555791974067688,
    0.3488219380378723,
    0.34191176295280457,
    0.33579784631729126,
    0.32995539903640747,
    0.32407838106155396,
    0.3181292414665222,
    0.31277233362197876,
    0.30792221426963806,
    0.3034794330596924,
    0.2979489266872406,
    0.2950364053249359,
    0.29252198338508606,
    0.2923286557197571,
    0.2919080853462219,
    0.29124921560287476,
    0.29060715436935425,
    0.2903551757335663,
    0.2900722324848175,
    0.28952962160110474,
    0.28912726044654846,
    0.28907275199890137,
    0.28883081674575806,
    0.2886142432689667,
    0.2886899709701538,
    0.28851407766342163,
    0.2882826626300812,
    0.28825655579566956,
    0.2880800664424896,
    0.2877776324748993,
    0.28675904870033264,
    0.28522974252700806,
    0.28466635942459106,
    0.28218406438827515,
    0.2812546193599701,
    0.28273946046829224,
    0.28278979659080505,
    0.28226324915885925,
    0.282447874546051,
    0.2826140820980072,
    0.2822273373603821,
    0.281613826751709,
    0.28160521388053894,
    0.28185850381851196,
    0.2817040979862213,
    0.28257736563682556,
    0.28208693861961365,
    0.28213635087013245,
    0.2822750210762024,
    0.2827267348766327,
    0.2826480269432068,
    0.28258663415908813,
    0.28257814049720764,
    0.28218787908554077,
    0.2817348837852478,
    0.2814483642578125,
    0.2807798385620117,
    0.28030869364738464,
    0.2804473340511322,
    0.28018537163734436,
    0.2800160348415375,
    0.2797527611255646,
    0.27929240465164185,
    0.27904194593429565,
    0.2788105309009552,
    0.2784058749675751,
    0.2781362533569336,
    0.277338445186615,
    0.2759352922439575,
    0.27508777379989624,
    0.273937463760376,
    0.2738073468208313,
    0.2730695605278015,
    0.2726805508136749,
    0.272433340549469,
    0.2701837122440338,
    0.26840442419052124,
    0.2678077220916748,
    0.26778489351272583,
