{
  "selected_indices": [
    15,
    17,
    14,
    4,
    6
  ],
  "selected_names": [
    "T6",
    "Cz",
    "T5",
    "C3",
    "P3"
  ],
  "n_unique": 5,
  "selection_probabilities": [
    [
      2.235879898995596e-21,
      6.22600768209196e-15,
      2.276993704697361e-09,
      1.023774398589694e-09,
      4.3488629364318854e-11
    ],
    [
      1.0070795518655967e-20,
      6.47792713906665e-15,
      8.545232077494802e-09,
      1.943408767246524e-09,
      8.138299756321743e-11
    ],
    [
      2.581209427432837e-21,
      1.114522055645651e-14,
      8.361384243471548e-05,
      7.048693805700168e-05,
      6.679522357444512e-08
    ],
    [
      2.4943163497502574e-19,
      2.2433560543065612e-13,
      4.49736337060358e-09,
      2.2103205377099755e-10,
      8.090379928493707e-12
    ],
    [
      8.020496498143484e-23,
      3.8631498987164864e-14,
      0.28884798288345337,
      0.35424748063087463,
      0.28086167573928833
    ],
    [
      2.724697468245007e-15,
      1.7716999742289907e-11,
      1.2969815109051264e-12,
      3.1319573128539557e-13,
      1.8603577744058172e-14
    ],
    [
      1.0552642185150685e-22,
      6.620451409311556e-11,
      0.27421167492866516,
      0.25097471475601196,
      0.4596010446548462
    ],
    [
      2.4387015074012197e-08,
      5.004038565350859e-14,
      4.2252883321065166e-15,
      7.014270518850441e-15,
      4.520701660373294e-16
    ],
    [
      2.231341622648025e-18,
      1.460646378255773e-16,
      2.6704711775238366e-09,
      5.583943862852436e-10,
      2.248626007617105e-10
    ],
    [
      1.4607364562380099e-07,
      4.62972496508029e-15,
      1.02942421297339e-14,
      2.427639201994661e-15,
      8.815722509258113e-16
    ],
    [
      8.625713411906529e-21,
      6.868836825279362e-14,
      1.7199498643094557e-06,
      2.6353842486059875e-07,
      4.885724536052294e-08
    ],
    [
      1.5612314414805476e-18,
      6.069565461294419e-16,
      1.2207101995898029e-10,
      1.4981120510793033e-11,
      3.2419420880475114e-12
    ],
    [
      3.8651235909310224e-22,
      9.568671139547244e-17,
      0.011242303065955639,
      0.17734593152999878,
      0.0002513329964131117
    ],
    [
      1.9937187456520178e-09,
      4.543774655876767e-18,
      6.264365653811665e-14,
      6.905525040950145e-15,
      7.09802227793875e-16
    ],
    [
      2.0556981864962074e-22,
      2.35389397250786e-16,
      0.4248625338077545,
      0.21733106672763824,
      0.2592833638191223
    ],
    [
      0.9999998807907104,
      1.3205299895976196e-17,
      1.6314169660374203e-14,
      1.6188475688474059e-15,
      2.2728998879980157e-16
    ],
    [
      2.469084651114812e-21,
      8.792540029389784e-09,
      0.0007132503669708967,
      1.3206367839302402e-05,
      7.895348517195089e-07
    ],
    [
      5.137515336503188e-23,
      1.0,
      3.692494647111744e-05,
      1.6928210243349895e-05,
      1.649956857363577e-06
    ],
    [
      2.7778593880727156e-19,
      3.286823480053158e-09,
      7.87358980097741e-12,
      9.94438255699781e-13,
      2.2375896708420884e-12
    ]
  ],
  "final_entropy": [
    9.91784872894641e-07,
    8.970809517450107e-08,
    0.38512760400772095,
    0.4598672091960907,
    0.36206018924713135
  ],
  "entropy_history": [
    0.9999998211860657,
    0.9999996423721313,
    0.9999996423721313,
    0.9999995231628418,
    0.9999992251396179,
    0.9999986886978149,
    0.9999977350234985,
    0.9999960660934448,
    0.9999939203262329,
    0.9999902844429016,
    0.9999859929084778,
    0.9999793767929077,
    0.9999712109565735,
    0.999961256980896,
    0.9999483227729797,
    0.999932587146759,
    0.9999147653579712,
    0.9998923540115356,
    0.9998648762702942,
    0.9998329281806946,
    0.9997943639755249,
    0.999747633934021,
    0.9996906518936157,
    0.9996234178543091,
    0.9995447397232056,
    0.9994581341743469,
    0.9993616938591003,
    0.9992491006851196,
    0.9991071820259094,
    0.9989501237869263,
    0.9987786412239075,
    0.9985761642456055,
    0.9983261823654175,
    0.9980478286743164,
    0.9977062940597534,
    0.9973025321960449,
    0.9968598484992981,
    0.996390700340271,
    0.9958515167236328,
    0.9952943921089172,
    0.9946632385253906,
    0.9939755201339722,
    0.9931915402412415,
    0.9923804998397827,
    0.9914940595626831,
    0.9904946088790894,
    0.9893978238105774,
    0.9881539344787598,
    0.9868396520614624,
    0.9854680895805359,
    0.9838131070137024,
    0.9819586873054504,
    0.979997992515564,
    0.9776639938354492,
    0.9752310514450073,
    0.9726618528366089,
    0.9697638750076294,
    0.9665029644966125,
    0.9628570675849915,
    0.9590381383895874,
    0.9550133943557739,
    0.9506158828735352,
    0.9453447461128235,
    0.9401711225509644,
    0.934312641620636,
    0.9278091192245483,
    0.9205813407897949,
    0.9131612777709961,
    0.9051705598831177,
    0.8967664837837219,
    0.8878253102302551,
    0.878746509552002,
    0.8683217763900757,
    0.8569108843803406,
    0.845450758934021,
    0.8334360122680664,
    0.8206631541252136,
    0.8075786828994751,
    0.7935546040534973,
    0.7788010835647583,
    0.7631101608276367,
    0.7474140524864197,
    0.7311387658119202,
    0.7133283019065857,
    0.6961269974708557,
    0.6792078614234924,
    0.6596745252609253,
    0.6386712789535522,
    0.6196953058242798,
    0.6061052083969116,
    0.5889068841934204,
    0.5757660269737244,
    0.5599627494812012,
    0.5514543652534485,
    0.5369204878807068,
    0.5226048231124878,
    0.510239839553833,
    0.5003957748413086,
    0.48997172713279724,
    0.47828158736228943,
    0.46658316254615784,
    0.4586178660392761,
    0.44973498582839966,
    0.4398862421512604,
    0.4314129948616028,
    0.422573983669281,
    0.4137616753578186,
    0.4087248742580414,
    0.4009912610054016,
    0.39189472794532776,
    0.38316306471824646,
    0.3752923905849457,
    0.36861366033554077,
    0.3626289963722229,
    0.35642531514167786,
    0.3508877456188202,
    0.3459760844707489,
    0.33942708373069763,
    0.3320551812648773,
    0.3261115550994873,
    0.3277286887168884,
    0.3219846785068512,
    0.3161706328392029,
    0.3115081191062927,
    0.3037289083003998,
    0.29740849137306213,
    0.2955833077430725,
    0.2930847704410553,
    0.2919348180294037,
    0.2904844582080841,
    0.2901197373867035,
    0.2893086373806,
    0.28871530294418335,
    0.2871484160423279,
    0.284541517496109,
    0.2833915650844574,
    0.2827344834804535,
    0.28145939111709595,
    0.2863713502883911,
    0.2868775725364685,
    0.28676310181617737,
    0.2865663170814514,
    0.2859787046909332,
    0.286230206489563,
    0.2854819893836975,
    0.2845275402069092,
    0.2842957079410553,
    0.28356653451919556,
    0.2819041609764099,
    0.2801244854927063,
    0.279636025428772,
    0.2789798378944397,
    0.2778709828853607,
    0.27677327394485474,
    0.27555006742477417,
    0.27426260709762573,
    0.2723628282546997,
    0.2714467942714691,
    0.2717873454093933,
    0.27162328362464905,
    0.2711852788925171,
    0.27027958631515503,
    0.2697884440422058,
    0.2695960998535156,
    0.2724270820617676,
    0.27571243047714233,
    0.27645179629325867,
    0.2775089144706726,
    0.2777210772037506,
    0.27774888277053833,
    0.2775570750236511,
    0.27673450112342834,
    0.27665504813194275,
    0.27648431062698364,
    0.2761133909225464,
    0.27662426233291626,
    0.27576327323913574,
    0.2748154103755951,
    0.2738460898399353,
    0.27333179116249084,
    0.2727873921394348,
    0.27243342995643616,
    0.2728649973869324,
    0.2735016644001007,
    0.27300649881362915,
    0.2716009020805359,
    0.2711126208305359,
    0.2703884243965149,
    0.2694001793861389,
    0.2684207260608673,
    0.26791539788246155,
    0.2672671675682068,
    0.26701101660728455,
