{
  "selected_indices": [
    3,
    16,
    5,
    11,
    15
  ],
  "selected_names": [
    "F4",
    "Fz",
    "C4",
    "F8",
    "T6"
  ],
  "n_unique": 5,
  "selection_probabilities": [
    [
      0.002510018879547715,
      4.566870757116703e-06,
      3.5240827145344156e-08,
      2.646565633313003e-07,
      3.380944946229647e-08
    ],
    [
      0.004514842294156551,
      0.09164643287658691,
      1.6723977758204e-09,
      2.0174784509663368e-08,
      3.776674528666035e-09
    ],
    [
      0.019328784197568893,
      0.12251128256320953,
      3.8373507149636055e-10,
      1.8591522987776443e-08,
      1.6256355150900959e-09
    ],
    [
      0.755884051322937,
      0.00023512520419899374,
      0.01105406042188406,
      0.15379709005355835,
      0.0004919225466437638
    ],
    [
      2.5681759496798406e-10,
      1.728729659422612e-10,
      2.729105190533293e-13,
      1.2866402821637424e-12,
      9.690394103464839e-13
    ],
    [
      0.03794645145535469,
      7.454863393263622e-09,
      0.34777143597602844,
      0.28521469235420227,
      0.1350402683019638
    ],
    [
      1.4873168652229651e-07,
      7.695485493286469e-08,
      1.3882061299097526e-11,
      3.146300164846849e-10,
      3.509183221783729e-11
    ],
    [
      0.00024768675211817026,
      2.6183047396877157e-10,
      0.019432831555604935,
      0.05430015176534653,
      0.26354584097862244
    ],
    [
      3.947008281102171e-06,
      3.87078635810667e-09,
      7.337925822525904e-09,
      9.034040715505398e-08,
      6.954457631991318e-08
    ],
    [
      9.121779385168338e-07,
      8.22085594043287e-11,
      1.7617607284137193e-07,
      5.050030154052365e-07,
      2.5877677671815036e-06
    ],
    [
      3.981457211921224e-06,
      4.945700879943615e-07,
      5.95864677044311e-11,
      8.04197930470707e-10,
      5.652893153573757e-10
    ],
    [
      0.04132002592086792,
      4.600990521907988e-08,
      0.3257213830947876,
      0.4330545961856842,
      0.1557263731956482
    ],
    [
      1.2243762057551066e-06,
      1.732037624435634e-09,
      1.9835343323393317e-07,
      3.93539707488344e-08,
      1.1444142273830948e-06
    ],
    [
      0.0007684493320994079,
      2.7425048343410197e-10,
      0.13858428597450256,
      0.021545585244894028,
      0.09859990328550339
    ],
    [
      4.101072408957407e-05,
      1.5374533868239837e-09,
      2.67811128651374e-06,
      1.6453001080662943e-05,
      5.484647772391327e-05
    ],
    [
      0.0003023296594619751,
      1.0820157270163833e-10,
      0.15743288397789001,
      0.0520702563226223,
      0.3465368151664734
    ],
    [
      0.1370851993560791,
      0.7836180925369263,
      6.380089789814747e-10,
      1.0906031633339808e-07,
      9.952882962238618e-10
    ],
    [
      3.838679185719229e-05,
      0.00198388216085732,
      1.2096058876753801e-10,
      6.3527592075729444e-09,
      1.309442138053285e-10
    ],
    [
      2.5319870928797172e-06,
      4.6285891786013167e-10,
      7.619797059987832e-08,
      1.1587001580437573e-07,
      7.324679529574496e-08
    ]
  ],
  "final_entropy": [
    0.29426103830337524,
    0.2315160036087036,
    0.4836379289627075,
    0.47652506828308105,
    0.51331627368927
  ],
  "entropy_history": [
    0.9999998807907104,
    0.9999998211860657,
    0.9999998211860657,
    0.9999997019767761,
    0.9999997019767761,
    0.9999996423721313,
    0.9999993443489075,
    0.9999988675117493,
    0.9999982118606567,
    0.9999973177909851,
    0.9999960064888,
    0.9999940991401672,
    0.9999915957450867,
    0.9999883770942688,
    0.999984085559845,
    0.9999790191650391,
    0.9999731183052063,
    0.9999653100967407,
    0.9999556541442871,
    0.9999442100524902,
    0.9999321103096008,
    0.9999176859855652,
    0.999900221824646,
    0.9998797178268433,
    0.9998582005500793,
    0.9998331069946289,
    0.999803364276886,
    0.9997711181640625,
    0.9997318387031555,
    0.99968421459198,
    0.9996260404586792,
    0.9995635747909546,
    0.9994903802871704,
    0.999411940574646,
    0.9993257522583008,
    0.9992249608039856,
    0.9991151690483093,
    0.998975932598114,
    0.9988316297531128,
    0.9986709356307983,
    0.9984937906265259,
    0.9982881546020508,
    0.9980548024177551,
    0.9977887868881226,
    0.9975013732910156,
    0.997189998626709,
    0.9968403577804565,
    0.9964375495910645,
    0.9959737658500671,
    0.9954787492752075,
    0.9949264526367188,
    0.9942864179611206,
    0.9935784339904785,
    0.9927631616592407,
    0.991899311542511,
    0.9909794926643372,
    0.989923357963562,
    0.9887741804122925,
    0.9875644445419312,
    0.9862087965011597,
    0.9847253561019897,
    0.9830878376960754,
    0.9813444018363953,
    0.9794809222221375,
    0.9773251414299011,
    0.9749118685722351,
    0.9724000096321106,
    0.9694716334342957,
    0.9664067029953003,
    0.9628969430923462,
    0.9589139819145203,
    0.9546521902084351,
    0.9501110315322876,
    0.9453712701797485,
    0.9400687217712402,
    0.9344423413276672,
    0.9283382296562195,
    0.9214440584182739,
    0.9139347076416016,
    0.9059893488883972,
    0.8977993130683899,
    0.8887650370597839,
    0.879197895526886,
    0.8692640066146851,
    0.8584848642349243,
    0.847038745880127,
    0.8350775837898254,
    0.8228534460067749,
    0.8100393414497375,
    0.800244152545929,
    0.7885674834251404,
    0.7758264541625977,
    0.7625616788864136,
    0.7563866972923279,
    0.7479966282844543,
    0.7371171712875366,
    0.725077748298645,
    0.7195883393287659,
    0.7100890278816223,
    0.6984274983406067,
    0.6886169910430908,
    0.6795134544372559,
    0.6684581637382507,
    0.6592202186584473,
    0.6486190557479858,
    0.6377222537994385,
    0.6295437812805176,
    0.6210213899612427,
    0.6114729642868042,
    0.6017303466796875,
    0.5927923917770386,
    0.5841675400733948,
    0.5754328966140747,
    0.566779613494873,
    0.5596283078193665,
    0.5541433095932007,
    0.5466018915176392,
    0.5384388566017151,
    0.5299849510192871,
    0.5318223237991333,
    0.5275362133979797,
    0.5217496156692505,
    0.5150712728500366,
    0.5083327889442444,
    0.5081666707992554,
    0.5033936500549316,
    0.5041901469230652,
    0.504726231098175,
    0.5050638914108276,
    0.5053182244300842,
    0.5062668919563293,
    0.5069001913070679,
    0.5069576501846313,
    0.5067977905273438,
    0.5068143606185913,
    0.5069183111190796,
    0.5064943432807922,
    0.5059854388237,
    0.5054489970207214,
    0.5053683519363403,
    0.5054865479469299,
    0.5056526064872742,
    0.5056604743003845,
    0.5051419138908386,
    0.5048334002494812,
    0.5048151612281799,
    0.5046876668930054,
    0.504126787185669,
    0.5033577680587769,
    0.5033351182937622,
    0.5037024021148682,
    0.5035617351531982,
    0.5034681558609009,
    0.5032275915145874,
    0.5031647086143494,
    0.5030196905136108,
    0.5030226707458496,
    0.5028368234634399,
    0.5030390024185181,
    0.5031522512435913,
    0.5034810304641724,
    0.5036634206771851,
    0.5038110017776489,
    0.5042170286178589,
    0.5047243237495422,
    0.5050169229507446,
    0.5052610635757446,
    0.5054419040679932,
    0.505846381187439,
    0.5061833262443542,
    0.5064762234687805,
    0.506912887096405,
    0.5067461729049683,
    0.5061826705932617,
    0.5058140158653259,
    0.5056192874908447,
    0.5057879090309143,
    0.5056113004684448,
    0.5054271817207336,
    0.5053997039794922,
    0.5047765970230103,
    0.5044955611228943,
    0.5044213533401489,
    0.504033625125885,
    0.5045976638793945,
    0.5053609013557434,
    0.5056859850883484,
    0.5058737993240356,
    0.5066973567008972,
    0.506981372833252,
    0.5068844556808472,
    0.5064464807510376,
    0.5060821771621704,
    0.5059016942977905,
    0.5056517720222473,
    0.5054749250411987,
