{
  "selected_indices": [
    8,
    5,
    14,
    9,
    0
  ],
  "selected_names": [
    "O1",
    "C4",
    "T5",
    "O2",
    "Fp1"
  ],
  "n_unique": 5,
  "selection_probabilities": [
    [
      7.390007681351562e-07,
      8.725112820684444e-06,
      0.008016485720872879,
      1.2464766038997792e-18,
      0.3551776111125946
    ],
    [
      5.687101278795126e-08,
      2.7396055884310044e-05,
      0.0008760389173403382,
      2.9506984151741528e-18,
      0.021348165348172188
    ],
    [
      1.1076150485678227e-07,
      1.216573841666957e-09,
      0.00013037389726378024,
      6.941518754786012e-21,
      9.95379377854988e-05
    ],
    [
      1.0376867720651717e-07,
      0.00013468641554936767,
      5.009827145840973e-05,
      3.635601067235916e-18,
      0.13251477479934692
    ],
    [
      6.892659776269738e-09,
      3.2867688605497936e-12,
      5.96997665525123e-07,
      3.438593693889477e-22,
      2.403244536708371e-07
    ],
    [
      3.330377694541614e-13,
      0.9754239320755005,
      6.715704381488052e-12,
      1.2522625991717717e-10,
      4.4559414491551763e-10
    ],
    [
      0.03765798360109329,
      3.6715883311444486e-07,
      0.010321060195565224,
      6.688935225635036e-18,
      0.004186877049505711
    ],
    [
      1.2777006659452344e-14,
      6.708486034767702e-05,
      3.453254053694364e-14,
      0.0003616324393078685,
      9.052612175500241e-13
    ],
    [
      0.8063918948173523,
      0.0239537563174963,
      0.07956477999687195,
      4.5663414716123896e-10,
      0.047395870089530945
    ],
    [
      2.90577262772318e-12,
      0.00036430160980671644,
      7.857501541780332e-13,
      0.9996383190155029,
      7.852997765955827e-12
    ],
    [
      4.542708709198706e-10,
      7.494947718011957e-11,
      8.868091185831872e-07,
      5.326349654064275e-21,
      5.402135343501868e-07
    ],
    [
      1.0332355415698657e-08,
      2.355824108235538e-06,
      5.364464414014947e-06,
      1.097041173645185e-17,
      0.00015394206275232136
    ],
    [
      0.00018941292364615947,
      2.6021655941121935e-09,
      0.18818646669387817,
      1.024212368744388e-20,
      0.31210771203041077
    ],
    [
      6.051872336598763e-10,
      3.169639484212894e-08,
      2.4516989327594274e-08,
      7.825710929902879e-17,
      2.1874153333101276e-07
    ],
    [
      0.15575966238975525,
      5.718735351933901e-08,
      0.7128418684005737,
      2.451771865907241e-19,
      0.11816777288913727
    ],
    [
      1.4930464091629514e-13,
      7.541481181760901e-07,
      1.0036853076086927e-12,
      2.967875782373258e-13,
      3.67029462378099e-11
    ],
    [
      4.195939151685479e-09,
      4.073614036315121e-06,
      6.009290245856391e-06,
      1.2794909848092073e-19,
      0.00884669553488493
    ],
    [
      4.767591118069834e-16,
      1.1568557056307327e-05,
      7.46414513313684e-14,
      1.4361180215370352e-21,
      7.127636675319238e-11
    ],
    [
      4.163545728888898e-14,
      8.918451044337417e-07,
      3.046673969966246e-13,
      4.084561600623329e-14,
      2.2558604290123796e-12
    ]
  ],
  "final_entropy": [
    0.19979256391525269,
    0.04042184352874756,
    0.2889857888221741,
    0.0010961536318063736,
    0.5246977210044861
  ],
  "entropy_history": [
    0.9999998211860657,
    0.9999998807907104,
    0.9999998211860657,
    0.9999996423721313,
    0.9999994039535522,
    0.9999991655349731,
    0.9999987483024597,
    0.9999980926513672,
    0.9999971389770508,
    0.9999960064888,
    0.999994158744812,
    0.9999918937683105,
    0.9999887347221375,
    0.99998539686203,
    0.9999804496765137,
    0.9999736547470093,
    0.999966025352478,
    0.9999563097953796,
    0.9999445080757141,
    0.9999297261238098,
    0.9999135136604309,
    0.9998940229415894,
    0.9998687505722046,
    0.9998397827148438,
    0.9998051524162292,
    0.9997648000717163,
    0.9997206926345825,
    0.9996644854545593,
    0.999599814414978,
    0.999524712562561,
    0.9994418025016785,
    0.9993427395820618,
    0.9992310404777527,
    0.9990851283073425,
    0.9989187121391296,
    0.9987308382987976,
    0.9985143542289734,
    0.9982545971870422,
    0.9979602694511414,
    0.9976280331611633,
    0.9972496032714844,
    0.9968365430831909,
    0.9963468313217163,
    0.995803952217102,
    0.9951602220535278,
    0.9945226907730103,
    0.993775486946106,
    0.9928814768791199,
    0.9919163584709167,
    0.9908214807510376,
    0.989629864692688,
    0.9883343577384949,
    0.9868152737617493,
    0.9851435422897339,
    0.9832720756530762,
    0.9812003374099731,
    0.978814959526062,
    0.9761509895324707,
    0.9731681942939758,
    0.9701359868049622,
    0.966728687286377,
    0.9630275964736938,
    0.9591585397720337,
    0.9545744061470032,
    0.9495526552200317,
    0.9435313940048218,
    0.9371048808097839,
    0.9303743243217468,
    0.9227649569511414,
    0.91487056016922,
    0.9062654376029968,
    0.8965737223625183,
    0.8862553834915161,
    0.8750026822090149,
    0.862491250038147,
    0.8485022783279419,
    0.8374078869819641,
    0.8299482464790344,
    0.8174220323562622,
    0.8095307350158691,
    0.7961650490760803,
    0.7861382365226746,
    0.7718917727470398,
    0.7608867287635803,
    0.746068000793457,
    0.7318409085273743,
    0.7223048210144043,
    0.7105506658554077,
    0.6948533654212952,
    0.6838811039924622,
    0.6692248582839966,
    0.6578314304351807,
    0.6426209211349487,
    0.6298297047615051,
    0.6147834658622742,
    0.6021467447280884,
    0.5873836874961853,
    0.5775480270385742,
    0.5710912346839905,
    0.5583599805831909,
    0.5487312078475952,
    0.5371072888374329,
    0.528277575969696,
    0.5174462199211121,
    0.5053030252456665,
    0.4979464113712311,
    0.4884989857673645,
    0.47646912932395935,
    0.46392449736595154,
    0.4519619941711426,
    0.44316691160202026,
    0.4332103729248047,
    0.4215046763420105,
    0.41025394201278687,
    0.3985964357852936,
    0.39199098944664,
    0.3822953402996063,
    0.37085339426994324,
    0.35995468497276306,
    0.35018569231033325,
    0.34061259031295776,
    0.3305729925632477,
    0.3207636773586273,
    0.31620967388153076,
    0.30776703357696533,
    0.29768842458724976,
    0.29586759209632874,
    0.29518064856529236,
    0.2953723073005676,
    0.296299546957016,
    0.29617589712142944,
    0.29680633544921875,
    0.29667115211486816,
    0.29589495062828064,
    0.2947947382926941,
    0.29425546526908875,
    0.2930944859981537,
    0.2928575575351715,
    0.292106956243515,
    0.29170966148376465,
    0.2920776605606079,
    0.2906647324562073,
    0.28921324014663696,
    0.28840047121047974,
    0.2875572741031647,
    0.2874893546104431,
    0.287090003490448,
    0.2868015766143799,
    0.2859455943107605,
    0.2855416238307953,
    0.28449979424476624,
    0.2845326364040375,
    0.284209668636322,
    0.28447070717811584,
    0.28452587127685547,
    0.2840605080127716,
    0.2834935784339905,
    0.2846912741661072,
    0.2855130732059479,
    0.2854420244693756,
    0.28456026315689087,
    0.28369006514549255,
    0.282648503780365,
    0.28201937675476074,
    0.2815605103969574,
    0.28054100275039673,
    0.27933478355407715,
    0.2786269187927246,
    0.27799174189567566,
    0.2773955166339874,
    0.2760668098926544,
    0.27601131796836853,
    0.2757774889469147,
    0.2764315903186798,
    0.27531227469444275,
    0.27462038397789,
    0.27324122190475464,
    0.2721407413482666,
    0.2706662118434906,
    0.2671191692352295,
    0.2655971348285675,
    0.26387855410575867,
    0.2621540129184723,
    0.2614424228668213,
    0.2605751156806946,
    0.2599540054798126,
    0.26004958152770996,
    0.25992351770401,
    0.2598191201686859,
    0.25942128896713257,
    0.2580592632293701,
    0.25734657049179077,
    0.25578099489212036,
    0.25287264585494995,
