{
  "selected_indices": [
    6,
    8,
    11,
    3,
    4
  ],
  "selected_names": [
    "P3",
    "O1",
    "F8",
    "F4",
    "C3"
  ],
  "n_unique": 5,
  "selection_probabilities": [
    [
      2.5092177224905754e-08,
      1.990199827162087e-08,
      2.163027978951959e-09,
      2.94747213303026e-08,
      3.3095126639182126e-09
    ],
    [
      2.4964277312022887e-09,
      7.119482225981244e-10,
      1.3476351341523696e-05,
      1.615433575352654e-05,
      1.642155855741123e-10
    ],
    [
      2.688535641937051e-05,
      1.5030212807687349e-06,
      6.363105300912636e-14,
      1.6082477146892038e-12,
      8.441905083600432e-05
    ],
    [
      4.1409123352487143e-10,
      1.1602788868581015e-10,
      0.18318244814872742,
      0.6530700325965881,
      3.2483831596819e-11
    ],
    [
      0.18785086274147034,
      0.15961486101150513,
      3.906086930549049e-15,
      6.888627038584283e-13,
      0.37730279564857483
    ],
    [
      3.391976283184661e-11,
      7.601200224804927e-11,
      0.3174031972885132,
      0.06318116933107376,
      3.92229651535736e-12
    ],
    [
      0.4079259932041168,
      0.17461486160755157,
      1.2975411760665634e-13,
      1.6346219516849558e-11,
      0.31282931566238403
    ],
    [
      6.286654530285318e-10,
      1.4105095758054631e-08,
      9.727384869817612e-11,
      5.413617470972909e-11,
      3.675100501698836e-10
    ],
    [
      0.2534148097038269,
      0.2748883068561554,
      1.0650958197008786e-12,
      7.518102806969296e-10,
      0.19767527282238007
    ],
    [
      0.0008287669043056667,
      0.02503620646893978,
      6.204312779679866e-13,
      9.831143538141518e-11,
      0.0024494321551173925
    ],
    [
      2.450048668833915e-05,
      1.0604215276543982e-05,
      4.553851057093744e-14,
      7.086301489177271e-13,
      0.00010246816236758605
    ],
    [
      1.0573402153823963e-09,
      5.60927859716287e-10,
      0.4993900954723358,
      0.28359153866767883,
      2.455602561568515e-11
    ],
    [
      0.002911653369665146,
      0.059241004288196564,
      9.27059264858171e-15,
      2.696689171879235e-13,
      0.012992841191589832
    ],
    [
      1.744489395605342e-06,
      6.562770431628451e-05,
      7.997202899900913e-09,
      1.9417607077798493e-08,
      4.724562518987341e-09
    ],
    [
      0.1469239741563797,
      0.27405935525894165,
      2.507266312970491e-13,
      1.2190470854989144e-10,
      0.0965576022863388
    ],
    [
      9.078300354303792e-05,
      0.03246767818927765,
      2.6019507728958224e-11,
      6.45222264505918e-10,
      5.897349183214828e-06
    ],
    [
      1.8188504036231734e-09,
      3.648419344415288e-10,
      1.065589276549872e-05,
      7.139062654459849e-05,
      3.5837893763712714e-10
    ],
    [
      2.583750990936551e-10,
      4.820515861481134e-11,
      2.0946660583831544e-07,
      6.961294275242835e-05,
      1.8514564881222384e-10
    ],
    [
      4.4508752239380556e-08,
      3.2921534387497786e-09,
      5.970585831294173e-11,
      1.4175775220337528e-08,
      2.653477970682161e-08
    ]
  ],
  "final_entropy": [
    0.45299696922302246,
    0.5702815055847168,
    0.34716084599494934,
    0.27565857768058777,
    0.45863842964172363
  ],
  "entropy_history": [
    0.9999998211860657,
    0.9999997019767761,
    0.9999997019767761,
    0.9999996423721313,
    0.9999994039535522,
    0.9999992251396179,
    0.999998927116394,
    0.9999982714653015,
    0.9999974966049194,
    0.9999964833259583,
    0.9999950528144836,
    0.9999932050704956,
    0.9999910593032837,
    0.9999885559082031,
    0.99998539686203,
    0.9999811053276062,
    0.9999765157699585,
    0.9999715685844421,
    0.9999648928642273,
    0.9999569654464722,
    0.9999482035636902,
    0.9999368786811829,
    0.999921977519989,
    0.9999038577079773,
    0.9998828172683716,
    0.9998584985733032,
    0.99983149766922,
    0.9998000860214233,
    0.999764084815979,
    0.9997188448905945,
    0.9996672868728638,
    0.9996105432510376,
    0.9995444416999817,
    0.9994651675224304,
    0.9993779063224792,
    0.9992715716362,
    0.999140739440918,
    0.9989892244338989,
    0.9988191723823547,
    0.9986270666122437,
    0.9984054565429688,
    0.9981263279914856,
    0.9977917671203613,
    0.9974384307861328,
    0.9970464706420898,
    0.9965972900390625,
    0.9961015582084656,
    0.9955120086669922,
    0.9948670268058777,
    0.9941076040267944,
    0.9932834506034851,
    0.9923473596572876,
    0.9912737607955933,
    0.9901541471481323,
    0.9889138340950012,
    0.9875324964523315,
    0.9859849810600281,
    0.9843432307243347,
    0.9824479818344116,
    0.9802820086479187,
    0.9779689908027649,
    0.9754495620727539,
    0.9726274609565735,
    0.9694420695304871,
    0.9661563634872437,
    0.9626330137252808,
    0.9588942527770996,
    0.9547598958015442,
    0.9502836465835571,
    0.9454113245010376,
    0.9399557113647461,
    0.9341596364974976,
    0.9278565645217896,
    0.9211474657058716,
    0.9140201807022095,
    0.9061004519462585,
    0.8976997137069702,
    0.8889907598495483,
    0.8800382614135742,
    0.8706117868423462,
    0.8607003092765808,
    0.8504026532173157,
    0.8396563529968262,
    0.8285419344902039,
    0.816479504108429,
    0.8044519424438477,
    0.7921323180198669,
    0.7794768214225769,
    0.7662242650985718,
    0.7525364756584167,
    0.7391009330749512,
    0.7255277633666992,
    0.7119916677474976,
    0.6981302499771118,
    0.6844505071640015,
    0.6706632375717163,
    0.6572780609130859,
    0.643945038318634,
    0.6298412084579468,
    0.6162710189819336,
    0.6027430891990662,
    0.590390682220459,
    0.5784673094749451,
    0.56622314453125,
    0.5542808771133423,
    0.5434192419052124,
    0.5329919457435608,
    0.5231520533561707,
    0.5128481984138489,
    0.5033431053161621,
    0.4938015937805176,
    0.4847760796546936,
    0.47633010149002075,
    0.47005003690719604,
    0.46286439895629883,
    0.4566613733768463,
    0.4509457051753998,
    0.44457921385765076,
    0.4368351399898529,
    0.4329858422279358,
    0.42738741636276245,
    0.4241449236869812,
    0.42114120721817017,
    0.41651302576065063,
    0.4120078980922699,
    0.40833598375320435,
    0.4095560610294342,
    0.410412073135376,
    0.4115222096443176,
    0.41229042410850525,
    0.4120798707008362,
    0.4120149612426758,
    0.411891371011734,
    0.41202402114868164,
    0.4121548533439636,
    0.41199904680252075,
    0.4123603403568268,
    0.4129241108894348,
    0.41313180327415466,
    0.41297951340675354,
    0.41216784715652466,
    0.41156139969825745,
    0.41127943992614746,
    0.41130438446998596,
    0.41139259934425354,
    0.4104384481906891,
    0.4104413390159607,
    0.410211980342865,
    0.40980616211891174,
    0.4095540940761566,
    0.40906065702438354,
    0.4090217053890228,
    0.40928786993026733,
    0.409567266702652,
    0.4100456237792969,
    0.4108390808105469,
    0.4117504060268402,
    0.41308683156967163,
    0.4136713445186615,
    0.4140107035636902,
    0.413832426071167,
    0.4140699505805969,
    0.41443538665771484,
    0.4140823483467102,
    0.41362887620925903,
    0.41359925270080566,
    0.41403383016586304,
    0.414020836353302,
    0.41392073035240173,
    0.4140346944332123,
    0.41444021463394165,
    0.4145258069038391,
    0.41446876525878906,
    0.4138180613517761,
    0.41354331374168396,
    0.4133060574531555,
    0.41325441002845764,
    0.4133434295654297,
    0.4136466085910797,
    0.4145229458808899,
    0.4153934419155121,
    0.41575127840042114,
    0.4163544178009033,
    0.41661128401756287,
    0.4166364073753357,
    0.4168681204319,
    0.4170354902744293,
    0.4172201156616211,
    0.4171902537345886,
    0.41683822870254517,
    0.4164837896823883,
    0.4165450930595398,
    0.4161759912967682,
    0.4152584671974182,
