{
  "selected_indices": [
    18,
    11,
    17,
    11,
    12
  ],
  "selected_names": [
    "Pz",
    "F8",
    "Cz",
    "F8",
    "T3"
  ],
  "n_unique": 4,
  "selection_probabilities": [
    [
      2.4366237994399853e-05,
      0.0013219182146713138,
      0.001101881149224937,
      0.0005301887285895646,
      2.86225931631634e-05
    ],
    [
      6.868085620226339e-05,
      0.0021293344907462597,
      0.004724055994302034,
      0.0014994845259934664,
      4.431547858985141e-05
    ],
    [
      5.376984404392715e-07,
      2.4474547899444588e-05,
      3.544591527315788e-05,
      1.2176001291663852e-05,
      0.0003806471941061318
    ],
    [
      0.018199510872364044,
      0.142673060297966,
      0.20242977142333984,
      0.1646084487438202,
      3.336242571094772e-06
    ],
    [
      1.4207583944880753e-06,
      1.545702980365604e-05,
      1.0236675734631717e-05,
      4.045444711664459e-06,
      0.02181706763803959
    ],
    [
      0.005130324047058821,
      0.014987730421125889,
      0.040980152785778046,
      0.09295939654111862,
      4.1739420453268394e-07
    ],
    [
      0.012393164448440075,
      0.011962703429162502,
      0.014800313860177994,
      0.012695800513029099,
      4.541634189081378e-05
    ],
    [
      0.007862076163291931,
      0.0019353246316313744,
      0.008063162676990032,
      0.013214887119829655,
      9.287275133829098e-06
    ],
    [
      5.345030876924284e-05,
      6.0665683122351766e-05,
      0.0003844230668619275,
      6.610448326682672e-05,
      0.013095184229314327
    ],
    [
      9.922924618877005e-06,
      6.768959428882226e-05,
      0.00017762451898306608,
      4.127464126213454e-05,
      0.0017930087633430958
    ],
    [
      1.3704993584440217e-08,
      1.2127975423936732e-07,
      2.4499570372427115e-07,
      6.180809464240156e-08,
      0.32182618975639343
    ],
    [
      0.08064747601747513,
      0.37870723009109497,
      0.2555641233921051,
      0.3488944172859192,
      2.5894173631968442e-06
    ],
    [
      3.418557525947108e-08,
      1.6355592435957078e-07,
      3.6955836435481615e-07,
      1.069140367349064e-07,
      0.6302706003189087
    ],
    [
      0.00039538994315080345,
      0.0017685054335743189,
      0.010730968788266182,
      0.003868178930133581,
      0.0034772460348904133
    ],
    [
      5.9492314903764054e-05,
      7.174984784796834e-05,
      0.001693473313935101,
      0.00022994057508185506,
      0.005094924010336399
    ],
    [
      4.949298454448581e-05,
      0.00016055585001595318,
      0.0006125729414634407,
      0.0009776119841262698,
      0.0020988041069358587
    ],
    [
      0.0002477628004271537,
      0.011399767361581326,
      0.03809626027941704,
      0.015139780007302761,
      1.1049915883631911e-05
    ],
    [
      0.2057887762784958,
      0.29519665241241455,
      0.290489137172699,
      0.2360440492630005,
      3.2534731531086436e-07
    ],
    [
      0.6690681576728821,
      0.13751688599586487,
      0.1301058530807495,
      0.10921411961317062,
      9.409146741745644e-07
    ]
  ],
  "final_entropy": [
    0.338787317276001,
    0.507523775100708,
    0.5960142612457275,
    0.5736463665962219,
    0.29595625400543213
  ],
  "entropy_history": [
    0.9999998211860657,
    0.9999998211860657,
    0.9999998211860657,
    0.9999998211860657,
    0.9999998211860657,
    0.9999997019767761,
    0.9999996423721313,
    0.9999995231628418,
    0.9999993443489075,
    0.9999991655349731,
    0.9999988675117493,
    0.9999983906745911,
    0.9999977350234985,
    0.9999969601631165,
    0.9999958276748657,
    0.9999944567680359,
    0.999992847442627,
    0.9999909400939941,
    0.9999884366989136,
    0.9999849200248718,
    0.9999807476997375,
    0.9999750852584839,
    0.9999675750732422,
    0.9999585151672363,
    0.9999479055404663,
    0.9999367594718933,
    0.9999228715896606,
    0.9999057650566101,
    0.9998871088027954,
    0.9998639822006226,
    0.9998366236686707,
    0.9998054504394531,
    0.9997682571411133,
    0.9997247457504272,
    0.9996702075004578,
    0.9996093511581421,
    0.9995406866073608,
    0.9994634389877319,
    0.9993717074394226,
    0.9992632865905762,
    0.9991423487663269,
    0.9990029335021973,
    0.9988444447517395,
    0.9986691474914551,
    0.9984941482543945,
    0.9983028173446655,
    0.9980365037918091,
    0.997707724571228,
    0.9973470568656921,
    0.9969356656074524,
    0.9965096712112427,
    0.9960400462150574,
    0.9955312609672546,
    0.994961142539978,
    0.9943162202835083,
    0.9936031103134155,
    0.9928348660469055,
    0.9919705390930176,
    0.990993857383728,
    0.9899546504020691,
    0.9888461232185364,
    0.9876397848129272,
    0.9862791299819946,
    0.9846830368041992,
    0.9830213785171509,
    0.9811567068099976,
    0.9790610074996948,
    0.9768577814102173,
    0.9745117425918579,
    0.9720044136047363,
    0.9692239761352539,
    0.9661737680435181,
    0.9627445340156555,
    0.958917498588562,
    0.9547543525695801,
    0.9504372477531433,
    0.9457681775093079,
    0.9405800700187683,
    0.9347771406173706,
    0.9286811947822571,
    0.922014594078064,
    0.9148538708686829,
    0.9070612788200378,
    0.8990484476089478,
    0.8902753591537476,
    0.880596935749054,
    0.8706225156784058,
    0.8592211008071899,
    0.8534005880355835,
    0.844091534614563,
    0.8332705497741699,
    0.824911892414093,
    0.8140341639518738,
    0.8016594052314758,
    0.7912712693214417,
    0.7787660360336304,
    0.7648094296455383,
    0.7537649273872375,
    0.7454065084457397,
    0.7366362810134888,
    0.7249800562858582,
    0.7164829969406128,
    0.7060076594352722,
    0.6940279006958008,
    0.6801839470863342,
    0.6696814298629761,
    0.6574147343635559,
    0.6433500051498413,
    0.6289271712303162,
    0.6197883486747742,
    0.6093477010726929,
    0.6001673340797424,
    0.5901690125465393,
    0.5818241834640503,
    0.5712718963623047,
    0.5659354329109192,
    0.5559613704681396,
    0.5471488237380981,
    0.5363650321960449,
    0.5264941453933716,
    0.5157320499420166,
    0.5100842714309692,
    0.5016308426856995,
    0.4920748770236969,
    0.48267659544944763,
    0.47351783514022827,
    0.47302380204200745,
    0.472525417804718,
    0.4724787771701813,
    0.4723599851131439,
    0.47185248136520386,
    0.4703226685523987,
    0.46816691756248474,
    0.4661564230918884,
    0.4653795659542084,
    0.46487170457839966,
    0.46449369192123413,
    0.46409493684768677,
    0.4636622965335846,
    0.46301642060279846,
    0.4625730514526367,
    0.4617864489555359,
    0.4609518051147461,
    0.46131911873817444,
    0.46085232496261597,
    0.460082471370697,
    0.45913925766944885,
    0.45903414487838745,
    0.45866280794143677,
    0.459011971950531,
    0.45951300859451294,
    0.45946645736694336,
    0.45938044786453247,
    0.4592553973197937,
    0.4587186872959137,
    0.45864447951316833,
    0.4579152464866638,
    0.4574255347251892,
    0.4573742747306824,
    0.45723503828048706,
    0.45711183547973633,
    0.4564843773841858,
    0.4564019739627838,
    0.456848680973053,
    0.4574916958808899,
    0.4571836590766907,
    0.4564422070980072,
    0.4552439749240875,
    0.45419615507125854,
    0.45409902930259705,
    0.4549309313297272,
    0.4551050066947937,
    0.45505890250205994,
    0.4555393159389496,
    0.4560604989528656,
    0.45656514167785645,
    0.45691871643066406,
    0.4572950005531311,
    0.45783179998397827,
    0.45810604095458984,
    0.4580133557319641,
    0.4577329754829407,
    0.4579041004180908,
    0.45774227380752563,
    0.4576655328273773,
    0.4578242301940918,
    0.4583825170993805,
    0.4582180976867676,
    0.45866331458091736,
    0.45907720923423767,
    0.45936065912246704,
    0.45962953567504883,
    0.45989400148391724,
    0.46000510454177856,
    0.4600585401058197,
