{
  "selected_indices": [
    8,
    13,
    11,
    14,
    17
  ],
  "selected_names": [
    "O1",
    "T4",
    "F8",
    "T5",
    "Cz"
  ],
  "n_unique": 5,
  "selection_probabilities": [
    [
      3.849528751320719e-10,
      2.4608988269392285e-07,
      9.76954083853343e-07,
      1.7044535227661584e-10,
      1.4522848201803384e-11
    ],
    [
      2.8831528831041453e-10,
      1.0892416639762814e-06,
      0.00033842853736132383,
      7.833504955812032e-10,
      7.745999952568638e-10
    ],
    [
      3.8601845631092147e-07,
      1.677596810623072e-05,
      1.9639162928797305e-05,
      8.731334588674144e-08,
      8.032641218846948e-10
    ],
    [
      2.4723609826082793e-09,
      2.4330613086931407e-05,
      0.013723289594054222,
      2.1817398998535964e-09,
      0.0008280365727841854
    ],
    [
      2.5021392957569333e-07,
      6.028165080351755e-05,
      6.014344762661494e-06,
      3.0177966436895076e-06,
      3.1536356859263037e-10
    ],
    [
      2.2185520087703026e-10,
      5.464034416036156e-07,
      4.2979650061170105e-07,
      6.580236355802072e-10,
      1.2972701801672315e-09
    ],
    [
      2.714850052143447e-05,
      0.0016724817687645555,
      0.005167703609913588,
      0.0004879983316641301,
      5.062310570735917e-09
    ],
    [
      4.996986331662345e-12,
      7.7745099247295e-09,
      2.4938831381937643e-12,
      1.208265015817389e-10,
      5.972688164358753e-14
    ],
    [
      0.6550172567367554,
      0.15397490561008453,
      1.1124130594453163e-07,
      0.12339206039905548,
      1.315922604173611e-14
    ],
    [
      7.26609457046834e-08,
      9.154079452855512e-05,
      2.565141155042028e-10,
      2.562971531006042e-06,
      1.5287230303254878e-14
    ],
    [
      3.0396485328765266e-08,
      4.21086406277027e-06,
      5.5761018025179965e-09,
      3.6093986466312344e-08,
      1.0732067361532427e-12
    ],
    [
      8.309322765853722e-06,
      0.0021743529941886663,
      0.8782101273536682,
      1.2410409908625297e-06,
      1.301310259549382e-08
    ],
    [
      0.2226485162973404,
      0.05639364570379257,
      2.932733025318157e-07,
      0.22386950254440308,
      2.7517461101628574e-14
    ],
    [
      0.0014526481973007321,
      0.6748895049095154,
      2.1631980473557633e-07,
      0.00021095725242048502,
      1.614136748524439e-13
    ],
    [
      0.12075281143188477,
      0.10429761558771133,
      9.24932537600398e-05,
      0.6519899964332581,
      9.970052127633577e-13
    ],
    [
      9.257824422093108e-05,
      0.006396999582648277,
      1.3539792897976355e-10,
      4.252377402735874e-05,
      3.418390855211735e-14
    ],
    [
      2.845728375167056e-10,
      1.4555896541423863e-06,
      0.10244014114141464,
      4.261895836243923e-10,
      0.09300540387630463
    ],
    [
      1.1698240744422318e-14,
      2.3909532340105066e-11,
      1.3118108199705603e-07,
      1.00055063857068e-14,
      0.9061664938926697
    ],
    [
      7.770611817848813e-14,
      6.185665868407852e-11,
      1.4121588447213451e-11,
      9.75701290595321e-13,
      8.462664163183531e-14
    ]
  ],
  "final_entropy": [
    0.2980554401874542,
    0.3429148197174072,
    0.1485527604818344,
    0.2982387840747833,
    0.10734135657548904
  ],
  "entropy_history": [
    0.9999998211860657,
    0.9999998211860657,
    0.9999997019767761,
    0.9999996423721313,
    0.9999996423721313,
    0.9999994039535522,
    0.9999990463256836,
    0.9999986886978149,
    0.9999979138374329,
    0.9999969601631165,
    0.9999955892562866,
    0.999994158744812,
    0.9999920725822449,
    0.9999890327453613,
    0.9999841451644897,
    0.9999788999557495,
    0.9999727010726929,
    0.9999659657478333,
    0.9999589920043945,
    0.9999500513076782,
    0.9999388456344604,
    0.9999268651008606,
    0.999913215637207,
    0.9998956918716431,
    0.9998734593391418,
    0.9998488426208496,
    0.9998194575309753,
    0.9997831583023071,
    0.9997408986091614,
    0.9996943473815918,
    0.9996408224105835,
    0.9995816946029663,
    0.999505877494812,
    0.9994262456893921,
    0.9993257522583008,
    0.9992049336433411,
    0.9990704655647278,
    0.9989209175109863,
    0.9987371563911438,
    0.9985088109970093,
    0.9982669949531555,
    0.9980074167251587,
    0.9977130889892578,
    0.9974029660224915,
    0.997071385383606,
    0.9966825246810913,
    0.9962466359138489,
    0.9957740902900696,
    0.9952090382575989,
    0.9946094751358032,
    0.9939419627189636,
    0.9931465983390808,
    0.9922531247138977,
    0.9912114143371582,
    0.9900897145271301,
    0.9888967275619507,
    0.987581729888916,
    0.9861545562744141,
    0.9845833778381348,
    0.9827863574028015,
    0.9808154106140137,
    0.978659987449646,
    0.9764161109924316,
    0.9739410281181335,
    0.971198558807373,
    0.9680822491645813,
    0.9648870229721069,
    0.9613329172134399,
    0.9574195742607117,
    0.953121542930603,
    0.9485081434249878,
    0.943621039390564,
    0.9383116960525513,
    0.9325912594795227,
    0.9265615344047546,
    0.9201403856277466,
    0.9131225347518921,
    0.9052804112434387,
    0.8973576426506042,
    0.8887389302253723,
    0.8796493411064148,
    0.8698297739028931,
    0.8595121502876282,
    0.8479611277580261,
    0.8352643847465515,
    0.8222041130065918,
    0.8089019060134888,
    0.7959729433059692,
    0.7810759544372559,
    0.765534520149231,
    0.7479031085968018,
    0.730124831199646,
    0.7126856446266174,
    0.6964627504348755,
    0.6799878478050232,
    0.6634526252746582,
    0.6472700238227844,
    0.6312957406044006,
    0.6142818927764893,
    0.596539318561554,
    0.5860545039176941,
    0.5717465281486511,
    0.5550569295883179,
    0.5465057492256165,
    0.5338543057441711,
    0.519157350063324,
    0.504465639591217,
    0.4925108850002289,
    0.4858364164829254,
    0.4738895297050476,
    0.46169382333755493,
    0.4497920870780945,
    0.4383016526699066,
    0.4312761723995209,
    0.42327070236206055,
    0.412214457988739,
    0.4022831320762634,
    0.3920932710170746,
    0.38211196660995483,
    0.37960201501846313,
    0.3707332909107208,
    0.36159083247184753,
    0.35246288776397705,
    0.3434402346611023,
    0.33445942401885986,
    0.32607030868530273,
    0.3256550133228302,
    0.3244592547416687,
    0.3235318064689636,
    0.3223347067832947,
    0.3215145468711853,
    0.3189224898815155,
    0.31799525022506714,
    0.31570926308631897,
    0.31641560792922974,
    0.31533223390579224,
    0.31420689821243286,
    0.3136000335216522,
    0.3110722005367279,
    0.3102518916130066,
    0.3088887631893158,
    0.3075416684150696,
    0.3116798400878906,
    0.3131504952907562,
    0.31367257237434387,
    0.31365683674812317,
    0.31294897198677063,
    0.31202343106269836,
    0.31091052293777466,
    0.3122970461845398,
    0.31264787912368774,
    0.31195777654647827,
    0.31174570322036743,
    0.3111010491847992,
    0.3103766441345215,
    0.3080155849456787,
    0.3050414025783539,
    0.30205482244491577,
    0.30162662267684937,
    0.3013461232185364,
    0.30349984765052795,
    0.30405300855636597,
    0.30354800820350647,
    0.3056246042251587,
    0.30613553524017334,
    0.30653828382492065,
    0.30590638518333435,
    0.30725353956222534,
    0.3079224228858948,
    0.3088889718055725,
    0.30855417251586914,
    0.3062881827354431,
    0.3036543130874634,
    0.30240923166275024,
    0.3005368113517761,
    0.2992929220199585,
    0.2999629080295563,
    0.29956749081611633,
    0.29870712757110596,
    0.2975342571735382,
    0.29716846346855164,
    0.29470571875572205,
    0.2939329743385315,
    0.29499107599258423,
    0.29363948106765747,
    0.2950184643268585,
    0.2959841191768646,
    0.2970718443393707,
    0.29732745885849,
    0.2955516278743744,
    0.2943257689476013,
    0.2939843535423279,
    0.2951209843158722,
