{
  "selected_indices": [
    18,
    12,
    4,
    11,
    17
  ],
  "selected_names": [
    "Pz",
    "T3",
    "C3",
    "F8",
    "Cz"
  ],
  "n_unique": 5,
  "selection_probabilities": [
    [
      2.966415090996377e-13,
      2.535605623035786e-12,
      4.034624197235548e-12,
      4.124577068775892e-10,
      3.4878031018870104e-10
    ],
    [
      1.4469048788962047e-12,
      6.18165132797166e-13,
      8.607003998406526e-13,
      2.995887149470633e-10,
      8.393913342175097e-10
    ],
    [
      7.770417677897302e-15,
      1.9071859647112888e-09,
      1.2411924821265075e-08,
      8.403794695722999e-13,
      4.200207618775681e-13
    ],
    [
      1.3815913968429072e-09,
      1.7150892522594524e-14,
      1.932238853782301e-14,
      3.839404962491244e-05,
      9.152531856670976e-05
    ],
    [
      2.1583656810570653e-17,
      0.33855029940605164,
      0.6373934745788574,
      1.6910689860620966e-16,
      2.5348519737769006e-16
    ],
    [
      0.012745961546897888,
      3.360951295833199e-16,
      5.209720611317305e-16,
      0.3852033317089081,
      0.3887201249599457
    ],
    [
      1.7160689305662467e-14,
      0.00012192396388854831,
      0.0004021487256977707,
      8.172960768717489e-15,
      5.657236154142306e-14
    ],
    [
      7.630808873670958e-09,
      1.7003804234864278e-13,
      4.1503270004766835e-13,
      1.2166453622342033e-08,
      4.861783509113593e-08
    ],
    [
      7.58720682309845e-14,
      1.4025681593921036e-06,
      8.587287538830424e-07,
      1.099868284014198e-13,
      1.7216162848630867e-13
    ],
    [
      9.36722574507165e-12,
      1.4184380059401036e-10,
      1.0006100115145244e-10,
      6.991181938920121e-12,
      1.8655969130643157e-11
    ],
    [
      9.654470944892675e-17,
      0.019366484135389328,
      0.028276650235056877,
      1.9576983348361604e-15,
      1.109369956568153e-15
    ],
    [
      3.2781912295831717e-07,
      6.864492647402779e-16,
      1.2881793528873647e-15,
      0.4151803255081177,
      0.12136108428239822
    ],
    [
      6.303504711669726e-17,
      0.6403831243515015,
      0.32129544019699097,
      3.7390983025252446e-16,
      2.2209807387982674e-15
    ],
    [
      8.739933082813067e-11,
      1.5155029466605574e-13,
      1.218457843302212e-13,
      5.275452394926106e-07,
      4.4771832108381204e-07
    ],
    [
      2.007266914667719e-15,
      0.0015768242301419377,
      0.01263138372451067,
      1.1494286222151796e-14,
      1.1858481590350939e-14
    ],
    [
      4.275446750107159e-12,
      7.787259335631513e-13,
      7.187197885449859e-13,
      1.4006934501153978e-10,
      2.8369159799090937e-10
    ],
    [
      7.998383205753967e-11,
      3.4044812867277396e-13,
      2.491230691788887e-13,
      7.789850542394561e-07,
      4.3753903611332134e-08
    ],
    [
      0.32049962878227234,
      1.1279270720139555e-16,
      1.2565442604941927e-16,
      0.1984434425830841,
      0.4730851650238037
    ],
    [
      0.6667540669441223,
      1.408110218493509e-15,
      2.6026420534247356e-14,
      0.001133153447881341,
      0.016741514205932617
    ]
  ],
  "final_entropy": [
    0.23452894389629364,
    0.251242071390152,
    0.275455117225647,
    0.3604988753795624,
    0.3554745316505432
  ],
  "entropy_history": [
    0.9999998211860657,
    0.9999996423721313,
    0.9999991655349731,
    0.9999982118606567,
    0.999996542930603,
    0.9999938011169434,
    0.9999896287918091,
    0.9999831914901733,
    0.9999745488166809,
    0.9999624490737915,
    0.999945342540741,
    0.9999223947525024,
    0.9998911619186401,
    0.9998493194580078,
    0.9997943043708801,
    0.9997245669364929,
    0.9996434450149536,
    0.9995559453964233,
    0.9994576573371887,
    0.9993463754653931,
    0.9992245435714722,
    0.9990838766098022,
    0.9989238977432251,
    0.998741626739502,
    0.9985499382019043,
    0.9983274340629578,
    0.998099684715271,
    0.9978435635566711,
    0.9975603818893433,
    0.9972531199455261,
    0.9968761205673218,
    0.9964907765388489,
    0.9960609674453735,
    0.9955650568008423,
    0.9950305223464966,
    0.9944588541984558,
    0.993827223777771,
    0.9931505918502808,
    0.9923996925354004,
    0.9915851354598999,
    0.9906473159790039,
    0.9896413683891296,
    0.9885686635971069,
    0.9873420596122742,
    0.9859771728515625,
    0.9844532012939453,
    0.9827736616134644,
    0.9810067415237427,
    0.9790729284286499,
    0.9768590927124023,
    0.9744457006454468,
    0.9719918370246887,
    0.9691808819770813,
    0.9660302996635437,
    0.9625727534294128,
    0.9588860273361206,
    0.9548223614692688,
    0.9504014849662781,
    0.9454940557479858,
    0.9402408599853516,
    0.9347127079963684,
    0.9285222887992859,
    0.9218692779541016,
    0.9148144721984863,
    0.9071143865585327,
    0.8986498713493347,
    0.8895982503890991,
    0.880068302154541,
    0.8698596954345703,
    0.8587002754211426,
    0.8469217419624329,
    0.8340800404548645,
    0.8212650418281555,
    0.8070829510688782,
    0.791875422000885,
    0.7758216857910156,
    0.7592193484306335,
    0.7430295944213867,
    0.7261137366294861,
    0.7084491848945618,
    0.6954687833786011,
    0.6790468692779541,
    0.6617517471313477,
    0.6475554704666138,
    0.6315284371376038,
    0.6150530576705933,
    0.6054236888885498,
    0.5903818011283875,
    0.5817409157752991,
    0.5703714489936829,
    0.5586358308792114,
    0.5481783151626587,
    0.5370520353317261,
    0.5246001482009888,
    0.5123618841171265,
    0.5040603876113892,
    0.49361276626586914,
    0.4839421212673187,
    0.47671207785606384,
    0.4677053391933441,
    0.4582168459892273,
    0.4488634169101715,
    0.44136518239974976,
    0.43255534768104553,
    0.4300076365470886,
    0.42489203810691833,
    0.4193568229675293,
    0.4133194088935852,
    0.40647029876708984,
    0.400146484375,
    0.3943530321121216,
    0.3886292278766632,
    0.38308390974998474,
    0.37733811140060425,
    0.3716795742511749,
    0.36629220843315125,
    0.3643222153186798,
    0.36015698313713074,
    0.3551207184791565,
    0.35030680894851685,
    0.3459622263908386,
    0.3410372734069824,
    0.3359587788581848,
    0.33314111828804016,
    0.32989463210105896,
    0.3267984986305237,
    0.3285519480705261,
    0.32891324162483215,
    0.32931339740753174,
    0.32906755805015564,
    0.3281986117362976,
    0.3279234766960144,
    0.3286445438861847,
    0.32958710193634033,
    0.3293432593345642,
    0.3285885155200958,
    0.32813265919685364,
    0.32879289984703064,
    0.32979801297187805,
    0.3312382102012634,
    0.3320815861225128,
    0.33088165521621704,
    0.33130645751953125,
    0.3307064473628998,
    0.3301360309123993,
    0.3285561800003052,
    0.3290175199508667,
    0.3299514949321747,
    0.3302316963672638,
    0.33056002855300903,
    0.33107486367225647,
    0.330751895904541,
    0.3296414911746979,
    0.32895034551620483,
    0.32912835478782654,
    0.3294065594673157,
    0.3300483822822571,
    0.32982611656188965,
    0.3298487067222595,
    0.329791396856308,
    0.3307620882987976,
    0.3341922163963318,
    0.3357197642326355,
    0.3343290090560913,
    0.33305221796035767,
    0.3325851857662201,
    0.3323119580745697,
    0.3331871032714844,
    0.33445626497268677,
    0.3350064158439636,
    0.3349156975746155,
    0.33508938550949097,
    0.33135098218917847,
    0.3304504454135895,
    0.3293658196926117,
    0.32904648780822754,
    0.32884249091148376,
    0.32794851064682007,
    0.32670241594314575,
    0.3269196152687073,
    0.3259786367416382,
    0.32512596249580383,
    0.32473674416542053,
    0.3238043189048767,
    0.32368355989456177,
    0.32364967465400696,
    0.3250042796134949,
    0.32333308458328247,
    0.3216327726840973,
    0.321276992559433,
    0.32195770740509033,
    0.321232408285141,
    0.3195321261882782,
