{
  "selected_indices": [
    7,
    18,
    17,
    11,
    14
  ],
  "selected_names": [
    "P4",
    "Pz",
    "Cz",
    "F8",
    "T5"
  ],
  "n_unique": 5,
  "selection_probabilities": [
    [
      1.4929716960014534e-19,
      6.096803563306746e-14,
      1.1314167154077452e-16,
      5.288346073939465e-06,
      4.193293818843813e-07
    ],
    [
      1.0098334655381588e-18,
      6.393930523929114e-14,
      9.188778847937161e-17,
      0.0024189786054193974,
      1.9151484593749046e-05
    ],
    [
      1.573623356689022e-19,
      2.751656107830014e-12,
      2.1927777180282514e-14,
      1.2322178000179207e-10,
      1.2853057285155955e-08
    ],
    [
      2.0877134966019204e-18,
      4.4003367030871765e-13,
      6.80828777618772e-16,
      0.0002563425514381379,
      3.028097523838369e-07
    ],
    [
      1.0874949167789623e-21,
      3.4094179387399387e-15,
      3.1577528563472206e-16,
      2.281308171883656e-12,
      3.1169639669315075e-07
    ],
    [
      1.975791925901138e-12,
      1.2675430980380042e-06,
      4.8975847682930507e-11,
      1.16350364672696e-12,
      4.125470364629846e-12
    ],
    [
      1.2870219472986198e-19,
      8.669695170104852e-12,
      1.2724041655379215e-12,
      4.586289681363098e-12,
      0.00022470904514193535
    ],
    [
      0.9547877907752991,
      0.04400256276130676,
      7.392961354213412e-09,
      2.376558693763242e-13,
      3.3638020147108705e-10
    ],
    [
      8.049145727652592e-15,
      2.56239918172696e-09,
      2.2109120090263445e-10,
      1.1490511504525652e-13,
      1.5778413171574357e-06
    ],
    [
      0.04521206393837929,
      4.313659758281574e-07,
      1.7756452775144482e-12,
      4.909865847224637e-10,
      7.373823336820351e-06
    ],
    [
      1.0741433915390636e-16,
      1.0699229046132186e-12,
      1.6536112621345564e-14,
      1.9113184993035937e-11,
      1.006365035749468e-08
    ],
    [
      3.5478252101251575e-19,
      1.0539853732350387e-14,
      2.3841143544429948e-17,
      0.9805538654327393,
      3.892660970450379e-06
    ],
    [
      1.2824508128168022e-17,
      8.602407848556926e-12,
      4.148879048475329e-13,
      5.415650133205885e-12,
      2.699849517284747e-07
    ],
    [
      5.442523805221887e-15,
      1.2107061230295924e-12,
      4.3538899034167888e-16,
      9.084999419428641e-09,
      4.030509703767393e-09
    ],
    [
      2.3708595130457716e-16,
      1.0216508194993423e-11,
      1.8601680525781594e-12,
      4.442550147198965e-11,
      0.9996008276939392
    ],
    [
      1.9300516385101218e-07,
      5.891137577762606e-11,
      2.5305715774812457e-14,
      2.8021462927796392e-09,
      2.5882801679699696e-08
    ],
    [
      5.407125601870054e-19,
      2.486344463648038e-13,
      2.982615030217001e-16,
      0.01676543988287449,
      0.00014124781591817737
    ],
    [
      3.783466682395813e-16,
      0.3666878640651703,
      0.600868284702301,
      8.2905784932238e-16,
      1.570604202250081e-09
    ],
    [
      6.284214685084444e-13,
      0.5893078446388245,
      0.3991316854953766,
      3.511538560201522e-15,
      3.2477172062783666e-09
    ]
  ],
  "final_entropy": [
    0.06254898011684418,
    0.2774631679058075,
    0.22845038771629333,
    0.035510119050741196,
    0.0013327602064236999
  ],
  "entropy_history": [
    0.9999998211860657,
    0.9999998211860657,
    0.9999997019767761,
    0.9999996423721313,
    0.9999994039535522,
    0.9999988675117493,
    0.9999980926513672,
    0.9999971389770508,
    0.9999958276748657,
    0.9999939799308777,
    0.9999918937683105,
    0.9999891519546509,
    0.9999858736991882,
    0.9999812841415405,
    0.9999753832817078,
    0.9999681711196899,
    0.9999594688415527,
    0.9999491572380066,
    0.999935507774353,
    0.9999181628227234,
    0.9998974800109863,
    0.9998728036880493,
    0.9998429417610168,
    0.9998049736022949,
    0.9997609853744507,
    0.9997096061706543,
    0.9996471405029297,
    0.9995816946029663,
    0.9995044469833374,
    0.9994179606437683,
    0.9993026852607727,
    0.9991706609725952,
    0.9990174174308777,
    0.9988222122192383,
    0.9986046552658081,
    0.9983434677124023,
    0.9980480074882507,
    0.9976973533630371,
    0.997294545173645,
    0.996813178062439,
    0.9963260889053345,
    0.9957367181777954,
    0.9950767755508423,
    0.9943426251411438,
    0.9935186505317688,
    0.9926242828369141,
    0.991606593132019,
    0.9904468655586243,
    0.9891065359115601,
    0.9875999689102173,
    0.9860235452651978,
    0.9842706918716431,
    0.9822375178337097,
    0.9800384640693665,
    0.97754967212677,
    0.9747148752212524,
    0.9716936349868774,
    0.9683834910392761,
    0.9646838307380676,
    0.9604682922363281,
    0.9558207392692566,
    0.9510517120361328,
    0.9457521438598633,
    0.939907431602478,
    0.9330588579177856,
    0.9261264801025391,
    0.918359637260437,
    0.9095777273178101,
    0.8996936678886414,
    0.8891660571098328,
    0.8780698776245117,
    0.8655542135238647,
    0.8528150320053101,
    0.8392227292060852,
    0.8248030543327332,
    0.8099147081375122,
    0.8011314272880554,
    0.787632942199707,
    0.7726837396621704,
    0.7613755464553833,
    0.7466613054275513,
    0.7319550514221191,
    0.7191616296768188,
    0.7049118280410767,
    0.6896050572395325,
    0.6749066114425659,
    0.659476637840271,
    0.6447014808654785,
    0.6303360462188721,
    0.6156814098358154,
    0.6008774638175964,
    0.5868591070175171,
    0.5723103284835815,
    0.5581178665161133,
    0.5437445044517517,
    0.5296307802200317,
    0.5157245397567749,
    0.5036301612854004,
    0.48957815766334534,
    0.4765412211418152,
    0.464756578207016,
    0.45089584589004517,
    0.43850868940353394,
    0.4252234995365143,
    0.4122748374938965,
    0.3994377553462982,
    0.3861202299594879,
    0.3741430640220642,
    0.3591965138912201,
    0.3445630669593811,
    0.3309006094932556,
    0.31986820697784424,
    0.3091031014919281,
    0.29308098554611206,
    0.28333765268325806,
    0.27344492077827454,
    0.26686742901802063,
    0.256277859210968,
    0.24094457924365997,
    0.22817127406597137,
    0.21667928993701935,
    0.20846939086914062,
    0.19675080478191376,
    0.187494695186615,
    0.17692434787750244,
    0.17066311836242676,
    0.17094312608242035,
    0.16948607563972473,
    0.17159448564052582,
    0.16802451014518738,
    0.16761592030525208,
    0.1662842035293579,
    0.16413532197475433,
    0.16545890271663666,
    0.16812220215797424,
    0.16715922951698303,
    0.16696015000343323,
    0.16576237976551056,
    0.1647389680147171,
    0.163035050034523,
    0.1624031364917755,
    0.1605631411075592,
    0.15862908959388733,
    0.15735599398612976,
    0.15772663056850433,
    0.15639884769916534,
    0.1546120047569275,
    0.1539236158132553,
    0.15367476642131805,
    0.15326055884361267,
    0.1511588990688324,
    0.14703026413917542,
    0.14540216326713562,
    0.14692974090576172,
    0.14761947095394135,
    0.14523544907569885,
    0.14559784531593323,
    0.14689718186855316,
    0.1473725289106369,
    0.14681267738342285,
    0.14601540565490723,
    0.144969180226326,
    0.14560183882713318,
    0.1463439166545868,
    0.14869679510593414,
    0.1486910879611969,
    0.1469946801662445,
    0.14556705951690674,
    0.1466517448425293,
    0.14640116691589355,
    0.14708539843559265,
    0.14897461235523224,
    0.1513749063014984,
    0.15224561095237732,
    0.1513342708349228,
    0.1522018015384674,
    0.15228793025016785,
    0.1520882248878479,
    0.1497342437505722,
    0.1491433084011078,
    0.14934049546718597,
    0.15134313702583313,
    0.14976389706134796,
    0.14712314307689667,
    0.14606204628944397,
    0.1456279754638672,
    0.14444135129451752,
    0.1440451443195343,
    0.1440652757883072,
    0.14315739274024963,
    0.1426699310541153,
