{
  "selected_indices": [
    11,
    9,
    12,
    9,
    11
  ],
  "selected_names": [
    "F8",
    "O2",
    "T3",
    "O2",
    "F8"
  ],
  "n_unique": 3,
  "selection_probabilities": [
    [
      6.253364063013578e-06,
      4.232385275582118e-12,
      3.8618556573055685e-05,
      1.5467850611461387e-10,
      2.498819640095462e-07
    ],
    [
      0.014711269177496433,
      1.0683322716059651e-12,
      2.029246388701722e-07,
      1.182247702513628e-11,
      0.0020072341430932283
    ],
    [
      3.5505255419759907e-12,
      4.916423934631098e-10,
      1.6711415810277686e-05,
      1.1297653372821514e-06,
      3.4291512771705834e-12
    ],
    [
      0.3039880692958832,
      2.6463926536268723e-12,
      9.93285453887438e-09,
      1.3005122152798254e-11,
      0.11540942639112473
    ],
    [
      1.517369807276306e-13,
      2.9413676355671825e-11,
      0.0001409724063705653,
      7.89006517152302e-05,
      4.0468015494610904e-14
    ],
    [
      0.024129917845129967,
      7.975080151823022e-09,
      5.65894596807337e-12,
      1.233557561652887e-10,
      0.020391440019011497
    ],
    [
      1.3986435121182694e-08,
      7.665252460542504e-11,
      1.2657531556214963e-07,
      2.7312632155940264e-08,
      8.706146914505553e-09
    ],
    [
      1.1728931628013362e-12,
      0.28396087884902954,
      1.7480335484220538e-13,
      0.08532752841711044,
      1.9182743501294786e-12
    ],
    [
      3.2053301679546564e-10,
      7.117916922538825e-09,
      1.6974355254717466e-09,
      2.3943694031913765e-06,
      7.045878325229182e-10
    ],
    [
      8.454028492879684e-13,
      0.6431694030761719,
      6.355219627461606e-13,
      0.7172266840934753,
      1.946061150767675e-12
    ],
    [
      1.0414745102568443e-13,
      2.478481064827065e-08,
      0.008735088631510735,
      0.001645256532356143,
      7.38810122563778e-14
    ],
    [
      0.6563394069671631,
      7.93739911037622e-13,
      6.450118661405213e-09,
      9.762146820080364e-12,
      0.8619059324264526
    ],
    [
      1.9985890113011218e-13,
      5.197068331241894e-10,
      0.6402965188026428,
      0.0007120976224541664,
      2.448291948949771e-13
    ],
    [
      0.0006846468895673752,
      8.580664651036685e-11,
      9.428150621326736e-11,
      1.2316438147141895e-10,
      0.00026578130200505257
    ],
    [
      4.665291070127253e-11,
      1.1332712112482879e-12,
      0.35077157616615295,
      1.2817217509564216e-07,
      2.5600563335892446e-11
    ],
    [
      6.262222728217748e-13,
      0.06668239831924438,
      5.442339287564657e-13,
      0.1942802369594574,
      8.943308875582201e-13
    ],
    [
      0.00014020170783624053,
      4.804847925782285e-12,
      1.3568337919878104e-07,
      2.955854311315065e-11,
      1.8855806047213264e-05
    ],
    [
      3.529980290295498e-07,
      1.7510365379891368e-10,
      5.623833104935472e-13,
      5.992897844642187e-11,
      1.081951836567896e-06
    ],
    [
      8.677837962101087e-12,
      0.006187334191054106,
      6.319573228434627e-13,
      0.000725656165741384,
      2.259780557123392e-11
    ]
  ],
  "final_entropy": [
    0.2705431282520294,
    0.2898253798484802,
    0.23643775284290314,
    0.26777884364128113,
    0.16014687716960907
  ],
  "entropy_history": [
    0.9999998211860657,
    0.9999997019767761,
    0.9999996423721313,
    0.9999993443489075,
    0.9999987483024597,
    0.9999977946281433,
    0.9999958872795105,
    0.9999934434890747,
    0.9999898672103882,
    0.9999852180480957,
    0.9999788403511047,
    0.9999713897705078,
    0.9999613761901855,
    0.9999459981918335,
    0.9999259114265442,
    0.9998966455459595,
    0.9998574256896973,
    0.9998031854629517,
    0.9997266530990601,
    0.9996305704116821,
    0.9995058178901672,
    0.9993696212768555,
    0.9992259740829468,
    0.9990485906600952,
    0.9988654851913452,
    0.9986664652824402,
    0.9984214901924133,
    0.9981411695480347,
    0.9978153109550476,
    0.9974884986877441,
    0.9971076250076294,
    0.9966896176338196,
    0.9962394833564758,
    0.9957370758056641,
    0.995134711265564,
    0.9945359230041504,
    0.993867039680481,
    0.993109405040741,
    0.9922181367874146,
    0.9912713766098022,
    0.9902549982070923,
    0.9891163110733032,
    0.9879215955734253,
    0.9865732192993164,
    0.985087513923645,
    0.9834715723991394,
    0.9817124605178833,
    0.9797161221504211,
    0.9775381088256836,
    0.9751259684562683,
    0.9725034832954407,
    0.9697253108024597,
    0.9665449261665344,
    0.9632051587104797,
    0.9595162272453308,
    0.9551941752433777,
    0.9506884813308716,
    0.9459689259529114,
    0.9407905340194702,
    0.9351199865341187,
    0.9292200207710266,
    0.9229116439819336,
    0.9161092638969421,
    0.908399224281311,
    0.9001927375793457,
    0.8913904428482056,
    0.8819117546081543,
    0.8719644546508789,
    0.8611068725585938,
    0.8495780825614929,
    0.8377987146377563,
    0.8257678747177124,
    0.8130924105644226,
    0.8000844717025757,
    0.7865813970565796,
    0.7727288603782654,
    0.7586548328399658,
    0.7440190315246582,
    0.7286662459373474,
    0.7129420638084412,
    0.6965983510017395,
    0.6806637048721313,
    0.6647542715072632,
    0.6490912437438965,
    0.6331055760383606,
    0.617737889289856,
    0.6023805737495422,
    0.5876229405403137,
    0.5728930234909058,
    0.559141993522644,
    0.5451691746711731,
    0.530704140663147,
    0.5179458260536194,
    0.5048588514328003,
    0.4913825988769531,
    0.4789729118347168,
    0.46709388494491577,
    0.4554712772369385,
    0.44407421350479126,
    0.4331550598144531,
    0.4205654263496399,
    0.4142822325229645,
    0.4043821394443512,
    0.39528265595436096,
    0.38677287101745605,
    0.3826180696487427,
    0.3764689564704895,
    0.36910945177078247,
    0.36168044805526733,
    0.3548843562602997,
    0.34798455238342285,
    0.3404633700847626,
    0.3337423503398895,
    0.3271077573299408,
    0.3211001753807068,
    0.31370389461517334,
    0.30742913484573364,
    0.30235645174980164,
    0.2974243462085724,
    0.29691943526268005,
    0.2924179136753082,
    0.28731709718704224,
    0.282534658908844,
    0.27800077199935913,
    0.2749628722667694,
    0.27209681272506714,
    0.2718382775783539,
    0.2711049020290375,
    0.2712516188621521,
    0.2720334529876709,
    0.2717978358268738,
    0.27162355184555054,
    0.27357903122901917,
    0.27335503697395325,
    0.273834764957428,
    0.2741181254386902,
    0.27431514859199524,
    0.27377447485923767,
    0.274280846118927,
    0.27475494146347046,
    0.2750295102596283,
    0.275753915309906,
    0.2762489914894104,
    0.27631521224975586,
    0.2774685323238373,
    0.28021615743637085,
    0.2809014618396759,
    0.2806141972541809,
    0.2817264795303345,
    0.2821440100669861,
    0.2832959294319153,
    0.2827850878238678,
    0.2842246890068054,
    0.28458768129348755,
    0.28494206070899963,
    0.2853976786136627,
    0.2867574989795685,
    0.28707659244537354,
    0.2881811261177063,
    0.28845247626304626,
    0.28738105297088623,
    0.2872859239578247,
    0.2880260646343231,
    0.2881431579589844,
    0.288805216550827,
    0.28979378938674927,
    0.29100918769836426,
    0.2910028100013733,
    0.29138675332069397,
    0.2913547456264496,
    0.29149478673934937,
    0.2907882630825043,
    0.2904917895793915,
    0.29012376070022583,
    0.290005624294281,
    0.28970056772232056,
    0.28983402252197266,
    0.29000869393348694,
    0.2898806929588318,
    0.2884589433670044,
    0.28847813606262207,
    0.28829753398895264,
    0.2895802855491638,
    0.29063311219215393,
    0.2956320643424988,
    0.2960539162158966,
    0.29626724123954773,
    0.29666322469711304,
    0.29575780034065247,
    0.2955080270767212,
    0.2948390245437622,
    0.2946650981903076,
    0.2947837710380554,
