{
  "selected_indices": [
    12,
    17,
    17,
    10,
    11
  ],
  "selected_names": [
    "T3",
    "Cz",
    "Cz",
    "F7",
    "F8"
  ],
  "n_unique": 4,
  "selection_probabilities": [
    [
      6.597518642514899e-10,
      0.0057123685255646706,
      0.007752632722258568,
      1.5652499296692213e-09,
      0.035456400364637375
    ],
    [
      2.053655578926339e-10,
      0.01498698815703392,
      0.03227761760354042,
      6.675399677469329e-10,
      0.11697828769683838
    ],
    [
      0.0002083921426674351,
      9.527664879271924e-09,
      7.2214554336369474e-09,
      0.00010864988871617243,
      1.7327072043826774e-07
    ],
    [
      4.1574574338731907e-10,
      0.085618756711483,
      0.0726461112499237,
      4.4355846773314056e-10,
      0.062392670661211014
    ],
    [
      7.244069274747744e-05,
      5.002343539395326e-10,
      6.523739881636459e-10,
      0.00013467144162859768,
      5.175794903777842e-09
    ],
    [
      2.4147400745633263e-10,
      0.2799657881259918,
      0.06801048666238785,
      2.3745144739351076e-10,
      0.22758229076862335
    ],
    [
      6.651798685197718e-07,
      1.0553816309766262e-07,
      1.8434400317346444e-07,
      1.0704909527703421e-06,
      5.108416303301055e-07
    ],
    [
      1.2620500200455353e-08,
      4.339985480328323e-06,
      1.3074491107545327e-05,
      3.737043385854122e-08,
      0.00010153817129321396
    ],
    [
      0.0018893148517236114,
      4.7148902559968064e-09,
      3.786224667123861e-09,
      0.0035525267012417316,
      4.577934475946677e-08
    ],
    [
      0.0004474943270906806,
      1.3079556104855783e-08,
      4.931569819177639e-09,
      0.0003694760089274496,
      5.678313641510613e-08
    ],
    [
      0.47318580746650696,
      1.6672449532073585e-10,
      1.6365735155954297e-10,
      0.49112939834594727,
      2.224163297981363e-09
    ],
    [
      3.3643188929177725e-11,
      0.2861196994781494,
      0.2932760715484619,
      3.9279024477423263e-11,
      0.41050419211387634
    ],
    [
      0.5092913508415222,
      1.6072071451489478e-10,
      2.1662889537754637e-10,
      0.4520178735256195,
      2.032305435051285e-09
    ],
    [
      4.088812602276448e-06,
      2.5864437702693976e-07,
      1.6012832304568292e-07,
      2.912604577431921e-05,
      4.766442884829303e-07
    ],
    [
      0.007754671853035688,
      2.0769401753995e-09,
      4.266086151005766e-09,
      0.04812079295516014,
      1.89024671470861e-08
    ],
    [
      0.0071457852609455585,
      5.8154978610502894e-09,
      2.9212676722067954e-09,
      0.004536420572549105,
      1.9697226960602165e-08
    ],
    [
      1.0307608100390553e-08,
      5.651411356666358e-06,
      8.753266592975706e-05,
      2.0190611405013215e-09,
      0.03344668820500374
    ],
    [
      1.4200472395198283e-11,
      0.3257169723510742,
      0.5210198163986206,
      2.578665406205438e-11,
      0.11026560515165329
    ],
    [
      1.7279798425473558e-10,
      0.0018690674332901835,
      0.0049163419753313065,
      4.5288961469935884e-10,
      0.0032709541264921427
    ]
  ],
  "final_entropy": [
    0.26779839396476746,
    0.47363466024398804,
    0.4239650368690491,
    0.30704638361930847,
    0.5506395697593689
  ],
  "entropy_history": [
    0.9999998211860657,
    0.9999998211860657,
    0.9999998211860657,
    0.9999997019767761,
    0.9999996423721313,
    0.9999994039535522,
    0.9999992251396179,
    0.9999990463256836,
    0.9999985694885254,
    0.9999979138374329,
    0.9999971389770508,
    0.9999960064888,
    0.9999945759773254,
    0.9999927282333374,
    0.9999899864196777,
    0.9999856948852539,
    0.9999798536300659,
    0.9999715089797974,
    0.9999591112136841,
    0.9999438524246216,
    0.9999243021011353,
    0.9998980760574341,
    0.9998644590377808,
    0.9998190999031067,
    0.9997615814208984,
    0.9996925592422485,
    0.9996129870414734,
    0.9995176196098328,
    0.9994076490402222,
    0.9992778897285461,
    0.9991283416748047,
    0.998965859413147,
    0.9987822771072388,
    0.9985722303390503,
    0.9983165860176086,
    0.9980220794677734,
    0.9977005124092102,
    0.9973467588424683,
    0.9969778060913086,
    0.9965876340866089,
    0.9961503744125366,
    0.9956606030464172,
    0.9951233863830566,
    0.9945415258407593,
    0.9938985705375671,
    0.993186354637146,
    0.9924072027206421,
    0.9915334582328796,
    0.9905623197555542,
    0.9894635081291199,
    0.9883208274841309,
    0.9870816469192505,
    0.9857131242752075,
    0.9841766357421875,
    0.9824851751327515,
    0.9806790351867676,
    0.9787166714668274,
    0.9766000509262085,
    0.9742830991744995,
    0.9717122912406921,
    0.9687647819519043,
    0.9656866192817688,
    0.9623066186904907,
    0.9586846232414246,
    0.954842209815979,
    0.9507290720939636,
    0.9463517069816589,
    0.941767692565918,
    0.9368571043014526,
    0.9313718676567078,
    0.9255346059799194,
    0.9193304181098938,
    0.9127185940742493,
    0.905619740486145,
    0.8981161117553711,
    0.8902417421340942,
    0.8821882009506226,
    0.8737961649894714,
    0.8649368286132812,
    0.8555725812911987,
    0.8458845019340515,
    0.8358546495437622,
    0.8256759643554688,
    0.8150437474250793,
    0.8039277791976929,
    0.7927556037902832,
    0.7811981439590454,
    0.7693822979927063,
    0.7570278644561768,
    0.744522750377655,
    0.7316943407058716,
    0.7183617353439331,
    0.7051588296890259,
    0.6914613842964172,
    0.6775104403495789,
    0.6637668013572693,
    0.6497149467468262,
    0.6421507596969604,
    0.6312570571899414,
    0.6191271543502808,
    0.60591721534729,
    0.591739296913147,
    0.5781176090240479,
    0.5640965104103088,
    0.5531843304634094,
    0.5467360019683838,
    0.5365373492240906,
    0.5289786458015442,
    0.518473207950592,
    0.5069364309310913,
    0.5011047124862671,
    0.49766817688941956,
    0.49029985070228577,
    0.4807763993740082,
    0.4706636071205139,
    0.46026477217674255,
    0.4544967710971832,
    0.4478861391544342,
    0.43989425897598267,
    0.43208950757980347,
    0.42381390929222107,
    0.41595688462257385,
    0.4119577407836914,
    0.4056800305843353,
    0.39917680621147156,
    0.3925849497318268,
    0.39300838112831116,
    0.39353591203689575,
    0.39471039175987244,
    0.3952241837978363,
    0.3956831395626068,
    0.3958866596221924,
    0.3960784375667572,
    0.39639630913734436,
    0.3967741131782532,
    0.3970949053764343,
    0.3974769115447998,
    0.3976435661315918,
    0.39815598726272583,
    0.39852118492126465,
    0.3986457288265228,
    0.39892131090164185,
    0.3988446295261383,
    0.39906272292137146,
    0.39888083934783936,
    0.39879268407821655,
    0.3985283374786377,
    0.3981878459453583,
    0.398245245218277,
    0.3982377052307129,
    0.39832037687301636,
    0.39838331937789917,
    0.39845791459083557,
    0.39811447262763977,
    0.39769384264945984,
    0.3976704776287079,
    0.3974594175815582,
    0.3970339298248291,
    0.3967200815677643,
    0.39711081981658936,
    0.39747679233551025,
    0.3977513611316681,
    0.3977251648902893,
    0.3981712758541107,
    0.39868849515914917,
    0.39886075258255005,
    0.39941129088401794,
    0.3994733691215515,
    0.399605929851532,
    0.4001162648200989,
    0.40038004517555237,
    0.4005710482597351,
    0.400951087474823,
    0.4013270437717438,
    0.40160298347473145,
    0.402141809463501,
    0.40277567505836487,
    0.4033086895942688,
    0.40348395705223083,
    0.40390411019325256,
    0.4036179184913635,
    0.4032701551914215,
    0.40338802337646484,
    0.40345534682273865,
    0.40359753370285034,
    0.4034369885921478,
    0.40398016571998596,
    0.40417248010635376,
    0.40458470582962036,
    0.4049772620201111,
    0.40520039200782776,
    0.40521469712257385,
    0.40494880080223083,
