{
  "selected_indices": [
    17,
    11,
    13,
    18,
    4
  ],
  "selected_names": [
    "Cz",
    "F8",
    "T4",
    "Pz",
    "C3"
  ],
  "n_unique": 5,
  "selection_probabilities": [
    [
      2.065908276155555e-14,
      4.999716551878919e-08,
      1.3095655049255583e-07,
      9.350509255767747e-11,
      1.160809210783373e-20
    ],
    [
      7.868545089583998e-14,
      3.9723903455524123e-07,
      2.359687556463541e-07,
      2.4453401525903473e-09,
      2.000997359637832e-21
    ],
    [
      7.220823526444902e-16,
      7.634792797972523e-11,
      1.9722847799386045e-09,
      6.958249623191526e-13,
      1.2455299370477428e-17
    ],
    [
      1.2718616443233369e-14,
      6.141973329931716e-08,
      3.7065453852846986e-06,
      7.334585716556319e-10,
      5.213111132365823e-21
    ],
    [
      4.348761966781292e-19,
      8.038417446570685e-17,
      1.498319227376092e-16,
      4.337856562342e-17,
      0.9379910826683044
    ],
    [
      1.0679242222977336e-05,
      0.2830699682235718,
      0.3089096248149872,
      0.3134646713733673,
      2.0870088331308984e-24
    ],
    [
      9.309717947448334e-15,
      3.5563247496612355e-14,
      8.080222146759908e-13,
      2.214959478037768e-14,
      2.668254783788626e-10
    ],
    [
      2.5612123533136355e-10,
      9.14657960038312e-07,
      9.99436338133819e-07,
      1.9904986459096108e-07,
      2.760173264912309e-21
    ],
    [
      1.3859009934406776e-14,
      1.126449411179009e-12,
      1.8020697781229167e-11,
      3.2787924393769263e-13,
      8.107613870902714e-15
    ],
    [
      9.60099648438309e-14,
      4.2598488625422704e-10,
      1.4312092622148498e-09,
      5.4997512620447164e-12,
      1.0154750441109236e-17
    ],
    [
      4.345762506482598e-18,
      2.0213839892831327e-14,
      2.337049824496784e-13,
      1.918243540153055e-15,
      2.937789594925633e-11
    ],
    [
      4.144482933926552e-12,
      0.6326854228973389,
      0.2900446057319641,
      1.1181115041836165e-05,
      1.0148412186831161e-22
    ],
    [
      1.6115383949869148e-18,
      1.2072761656006727e-15,
      1.5606482103272708e-14,
      7.699332952428047e-17,
      0.06200862675905228
    ],
    [
      1.3574380606107966e-13,
      0.0010266496101394296,
      0.3094117343425751,
      1.7698524867881815e-09,
      9.491142242060898e-21
    ],
    [
      3.1011861432450063e-16,
      3.236033131997357e-14,
      9.74456301240656e-13,
      1.1068160887047103e-14,
      2.825988758559106e-07
    ],
    [
      5.521825570842676e-15,
      6.346513869992521e-10,
      8.294479769688223e-09,
      1.1140316100166636e-11,
      3.3191488033394e-19
    ],
    [
      2.150477062048961e-13,
      3.7127807445358485e-05,
      0.0001574554044054821,
      7.0054460010737785e-09,
      1.7199478023419524e-21
    ],
    [
      0.5029671788215637,
      0.08314617723226547,
      0.0912301167845726,
      0.2700446546077728,
      1.5768236923014295e-24
    ],
    [
      0.4970221519470215,
      3.327290323795751e-05,
      0.00024140306049957871,
      0.41647931933403015,
      5.951240380150297e-22
    ]
  ],
  "final_entropy": [
    0.2354455590248108,
    0.2925814092159271,
    0.4437965750694275,
    0.36750873923301697,
    0.07895001024007797
  ],
  "entropy_history": [
    0.9999998211860657,
    0.9999997019767761,
    0.9999996423721313,
    0.9999990463256836,
    0.9999982714653015,
    0.9999968409538269,
    0.9999945759773254,
    0.9999915361404419,
    0.9999873042106628,
    0.9999821782112122,
    0.9999753832817078,
    0.9999658465385437,
    0.9999548196792603,
    0.9999418258666992,
    0.9999256134033203,
    0.9999048113822937,
    0.9998799562454224,
    0.9998462796211243,
    0.9998041987419128,
    0.9997504949569702,
    0.9996787309646606,
    0.9995865821838379,
    0.9994781613349915,
    0.9993414878845215,
    0.9991866946220398,
    0.9990153312683105,
    0.9988099932670593,
    0.998577892780304,
    0.9983259439468384,
    0.9980502128601074,
    0.9977296590805054,
    0.9973708391189575,
    0.9969676733016968,
    0.996522068977356,
    0.9960055351257324,
    0.9954103231430054,
    0.9948061108589172,
    0.994087815284729,
    0.9933058619499207,
    0.9924295544624329,
    0.9915158152580261,
    0.990456759929657,
    0.9892523884773254,
    0.9878822565078735,
    0.9863927960395813,
    0.9848081469535828,
    0.9830282926559448,
    0.9810253977775574,
    0.9788306355476379,
    0.9763965606689453,
    0.9736984968185425,
    0.9707454442977905,
    0.967395007610321,
    0.9637743234634399,
    0.9597517251968384,
    0.9553937911987305,
    0.9507526159286499,
    0.9452255368232727,
    0.9393433332443237,
    0.93275386095047,
    0.9256464242935181,
    0.9175588488578796,
    0.908381462097168,
    0.8982968330383301,
    0.8874622583389282,
    0.8755971789360046,
    0.8628288507461548,
    0.8485454320907593,
    0.8328994512557983,
    0.8248697519302368,
    0.8136743307113647,
    0.8013374209403992,
    0.788569450378418,
    0.7788558006286621,
    0.7753919363021851,
    0.7695268392562866,
    0.7600114941596985,
    0.7493811845779419,
    0.7398962378501892,
    0.7284144163131714,
    0.7180078029632568,
    0.7059351205825806,
    0.6941115260124207,
    0.6817304491996765,
    0.6691626906394958,
    0.6555896401405334,
    0.6425379514694214,
    0.6300196051597595,
    0.6164745688438416,
    0.6033894419670105,
    0.5899926424026489,
    0.5768809914588928,
    0.5643399953842163,
    0.5519206523895264,
    0.5403417348861694,
    0.5291489362716675,
    0.5182852149009705,
    0.5068084001541138,
    0.49576836824417114,
    0.4858438968658447,
    0.4770508408546448,
    0.4680393636226654,
    0.45822256803512573,
    0.44889435172080994,
    0.4394312798976898,
    0.4297615885734558,
    0.42073336243629456,
    0.4128420948982239,
    0.405184805393219,
    0.39718276262283325,
    0.3899509310722351,
    0.3834105432033539,
    0.37621191143989563,
    0.3702051639556885,
    0.3643319606781006,
    0.35903558135032654,
    0.35317063331604004,
    0.3493342697620392,
    0.34597456455230713,
    0.34356123208999634,
    0.34172874689102173,
    0.33784520626068115,
    0.33585497736930847,
    0.33260416984558105,
    0.32988250255584717,
    0.32612642645835876,
    0.32712116837501526,
    0.32662588357925415,
    0.3263813257217407,
    0.32611000537872314,
    0.3259274363517761,
    0.3264090418815613,
    0.32658085227012634,
    0.32407650351524353,
    0.3267747759819031,
    0.3258759379386902,
    0.32599562406539917,
    0.3259102702140808,
    0.32505279779434204,
    0.3245704770088196,
    0.32443124055862427,
    0.3251699209213257,
    0.3260250389575958,
    0.32449740171432495,
    0.32781368494033813,
    0.3265380263328552,
    0.32906028628349304,
    0.32857540249824524,
    0.3283579647541046,
    0.3260146975517273,
    0.3284241855144501,
    0.3297274708747864,
    0.33013230562210083,
    0.3301810920238495,
    0.32994142174720764,
    0.3299467861652374,
    0.3300824761390686,
    0.3300870656967163,
    0.32818084955215454,
    0.32788658142089844,
    0.32807183265686035,
    0.3281378149986267,
    0.3276157081127167,
    0.32797104120254517,
    0.3295106589794159,
    0.3304888904094696,
    0.3304630517959595,
    0.3304676413536072,
    0.3288480341434479,
    0.32890254259109497,
    0.32937735319137573,
    0.32761242985725403,
    0.32597583532333374,
    0.3255939185619354,
    0.3259124159812927,
    0.32650402188301086,
    0.3272596299648285,
    0.3278043866157532,
    0.32814809679985046,
    0.3271828293800354,
    0.32713428139686584,
    0.3261216878890991,
    0.32729020714759827,
    0.3267383575439453,
    0.32656970620155334,
    0.32721763849258423,
    0.3268612027168274,
    0.32477232813835144,
    0.325217068195343,
    0.3255452513694763,
    0.32673975825309753,
    0.324243426322937,
