{
  "selected_indices": [
    14,
    11,
    11,
    17,
    3
  ],
  "selected_names": [
    "T5",
    "F8",
    "F8",
    "Cz",
    "F4"
  ],
  "n_unique": 4,
  "selection_probabilities": [
    [
      9.56718615441332e-09,
      0.0005451330216601491,
      0.0012518810108304024,
      0.0008738173055462539,
      0.0009060892043635249
    ],
    [
      2.3607884536147594e-09,
      0.22227878868579865,
      0.18254774808883667,
      0.17684334516525269,
      0.21785040199756622
    ],
    [
      2.9175937015679665e-05,
      3.381700031113155e-09,
      1.9542094331637117e-10,
      7.379057365142216e-10,
      8.387625594075132e-10
    ],
    [
      5.186933660361603e-10,
      0.24231001734733582,
      0.24882455170154572,
      0.16997437179088593,
      0.33516833186149597
    ],
    [
      0.14203360676765442,
      7.330396734062106e-09,
      4.2396058885785237e-10,
      2.3375885671583774e-09,
      2.5509201417861505e-09
    ],
    [
      2.2062868199057561e-10,
      4.529804868980136e-07,
      5.415095074567944e-05,
      1.4731886039953679e-05,
      4.068783709954005e-06
    ],
    [
      0.024787960574030876,
      0.009970848448574543,
      0.00036297220503911376,
      0.0019371422240510583,
      0.0003177400794811547
    ],
    [
      1.7617479386444757e-07,
      1.2923861633651335e-11,
      2.52916507181844e-11,
      3.947237675605564e-11,
      2.2295549087503197e-11
    ],
    [
      0.005542370956391096,
      9.301007253270654e-08,
      1.4425207695012432e-08,
      8.95944509693436e-08,
      3.6149632620663397e-08
    ],
    [
      0.0007017359603196383,
      2.5990123941888044e-10,
      1.2515410929836435e-10,
      2.7209484665391415e-10,
      2.3437274343507397e-10
    ],
    [
      0.00047976220957934856,
      3.602531120638908e-11,
      3.222614536335655e-11,
      3.549447541439932e-11,
      3.4549151733953565e-11
    ],
    [
      1.6807236713489715e-09,
      0.2946018576622009,
      0.25087204575538635,
      0.19964012503623962,
      0.2479093074798584
    ],
    [
      0.24057243764400482,
      3.860428296476037e-11,
      1.3621303737720858e-11,
      2.833479458008714e-11,
      1.5628671967693464e-11
    ],
    [
      6.727441270726331e-09,
      3.8671887523378246e-06,
      2.6331959816161543e-05,
      2.3328193492488936e-06,
      2.4099572328850627e-06
    ],
    [
      0.5858431458473206,
      7.040756372589385e-06,
      7.532946000310403e-08,
      2.3776340185577283e-07,
      2.8572247856573085e-07
    ],
    [
      4.407584128784947e-06,
      3.031213613446937e-10,
      2.3121536629755468e-10,
      2.7416985348693856e-10,
      3.0219560187561e-10
    ],
    [
      1.1660477028385685e-09,
      0.1805945634841919,
      0.16922321915626526,
      0.19732347130775452,
      0.14522889256477356
    ],
    [
      2.589389147544807e-09,
      0.04968733713030815,
      0.1468370258808136,
      0.2533903419971466,
      0.052612416446208954
    ],
    [
      5.229859652899904e-06,
      2.4262325482027336e-09,
      1.614769429281182e-09,
      1.9974366605168825e-09,
      1.5841048472964303e-09
    ]
  ],
  "final_entropy": [
    0.36096638441085815,
    0.5251342058181763,
    0.5426750183105469,
    0.5487676858901978,
    0.5054504871368408
  ],
  "entropy_history": [
    0.9999998211860657,
    0.9999998211860657,
    0.9999997019767761,
    0.9999996423721313,
    0.9999994039535522,
    0.9999990463256836,
    0.9999985694885254,
    0.999997615814209,
    0.9999963641166687,
    0.9999945759773254,
    0.999991774559021,
    0.9999880790710449,
    0.9999836087226868,
    0.9999778866767883,
    0.9999709129333496,
    0.9999618530273438,
    0.999951183795929,
    0.9999386072158813,
    0.9999237060546875,
    0.9999062418937683,
    0.9998854398727417,
    0.999860942363739,
    0.9998316764831543,
    0.9997972249984741,
    0.9997561573982239,
    0.9997097253799438,
    0.999656081199646,
    0.9995953440666199,
    0.9995245933532715,
    0.9994389414787292,
    0.9993423223495483,
    0.9992296099662781,
    0.9990981817245483,
    0.9989465475082397,
    0.9987649917602539,
    0.9985674619674683,
    0.9983468055725098,
    0.9980819821357727,
    0.99778813123703,
    0.9974589347839355,
    0.9970922470092773,
    0.9966726303100586,
    0.9962021112442017,
    0.9956687688827515,
    0.9950868487358093,
    0.9944170117378235,
    0.9937113523483276,
    0.9929322004318237,
    0.9920705556869507,
    0.9911295175552368,
    0.990038275718689,
    0.9888337254524231,
    0.9875124096870422,
    0.9861066937446594,
    0.98454350233078,
    0.9828243255615234,
    0.9808902740478516,
    0.9788047671318054,
    0.9766134023666382,
    0.9741445779800415,
    0.9714201092720032,
    0.9683884382247925,
    0.9651592373847961,
    0.9616905450820923,
    0.9580653309822083,
    0.9541279077529907,
    0.9497936964035034,
    0.9450422525405884,
    0.9401264190673828,
    0.9346922039985657,
    0.928763747215271,
    0.9226968884468079,
    0.9161775708198547,
    0.9091516733169556,
    0.9017928838729858,
    0.8941933512687683,
    0.8862541913986206,
    0.8774528503417969,
    0.8683627843856812,
    0.8590485453605652,
    0.8492641448974609,
    0.8389676809310913,
    0.8283188939094543,
    0.8171801567077637,
    0.8057069778442383,
    0.7941922545433044,
    0.7823909521102905,
    0.7748036980628967,
    0.7654903531074524,
    0.7553491592407227,
    0.7450584173202515,
    0.7363131642341614,
    0.7267037630081177,
    0.7165409922599792,
    0.7073931097984314,
    0.6978923678398132,
    0.6889768838882446,
    0.6797760725021362,
    0.6707820892333984,
    0.6627525687217712,
    0.6546566486358643,
    0.6467693448066711,
    0.6389161348342896,
    0.6321096420288086,
    0.627630889415741,
    0.6216015815734863,
    0.6150662899017334,
    0.6087915897369385,
    0.602406919002533,
    0.5960716605186462,
    0.590004026889801,
    0.5847665667533875,
    0.5794582962989807,
    0.5738872289657593,
    0.5688007473945618,
    0.564031183719635,
    0.5586434602737427,
    0.5536994338035583,
    0.5483266115188599,
    0.5426335334777832,
    0.5376125574111938,
    0.5361286401748657,
    0.5343764424324036,
    0.5304874181747437,
    0.5261059999465942,
    0.5215128660202026,
    0.5218585729598999,
    0.5230039358139038,
    0.5234238505363464,
    0.5227823853492737,
    0.5219423174858093,
    0.5214626789093018,
    0.5214930176734924,
    0.521739661693573,
    0.5224377512931824,
    0.5227488279342651,
    0.522110641002655,
    0.52140873670578,
    0.5207857489585876,
    0.5210443139076233,
    0.5209566354751587,
    0.5204626321792603,
    0.5205631852149963,
    0.5200484991073608,
    0.5193557143211365,
    0.5181406736373901,
    0.5176515579223633,
    0.5170901417732239,
    0.516545295715332,
    0.5165520310401917,
    0.5164747834205627,
    0.5163280367851257,
    0.5162317156791687,
    0.5155555605888367,
    0.5149666666984558,
    0.5142107009887695,
    0.514229416847229,
    0.5140539407730103,
    0.5142582058906555,
    0.5137678384780884,
    0.5126792788505554,
    0.5116918683052063,
    0.5113753080368042,
    0.5112890005111694,
    0.5104859471321106,
    0.5100176334381104,
    0.5101421475410461,
    0.5108484625816345,
    0.5122294425964355,
    0.512508749961853,
    0.5134470462799072,
    0.5139151811599731,
    0.5141512155532837,
    0.5140156745910645,
    0.5134220123291016,
    0.5125890970230103,
    0.5120832324028015,
    0.5112655758857727,
    0.5105627775192261,
    0.5111182332038879,
    0.5109100937843323,
    0.5120221972465515,
    0.5127548575401306,
    0.5124435424804688,
    0.5125563144683838,
    0.5119820237159729,
    0.5108171105384827,
    0.5095393657684326,
    0.5084189176559448,
    0.5075770020484924,
    0.5064506530761719,
    0.5058028101921082,
    0.5051456689834595,
    0.5045599937438965,
    0.5050562024116516,
