{
  "selected_indices": [
    10,
    11,
    10,
    11,
    10
  ],
  "selected_names": [
    "F7",
    "F8",
    "F7",
    "F8",
    "F7"
  ],
  "n_unique": 2,
  "selection_probabilities": [
    [
      3.727949060561286e-09,
      0.010076799429953098,
      3.203176390798035e-08,
      0.006577047985047102,
      1.303777708017151e-07
    ],
    [
      4.53382309473227e-09,
      0.0060111419297754765,
      1.881111799661994e-08,
      0.004433759022504091,
      1.3229522721758258e-07
    ],
    [
      0.042635366320610046,
      4.818786480953463e-10,
      0.07232382893562317,
      4.1681302853646685e-10,
      0.024355163797736168
    ],
    [
      1.0356268065336849e-09,
      0.10510475933551788,
      5.2588777776918505e-09,
      0.08178763836622238,
      2.931199460931566e-08
    ],
    [
      0.001003333949483931,
      2.4548967303417157e-08,
      5.4837637435412034e-05,
      1.298489706869077e-07,
      5.539121502806665e-06
    ],
    [
      1.2972766860741558e-08,
      0.000706134713254869,
      5.125783530957051e-08,
      0.0002066121669486165,
      6.492167017313477e-07
    ],
    [
      9.566667813487584e-07,
      0.00030057813273742795,
      1.8875046237099014e-07,
      0.01097564771771431,
      4.6395502550922174e-08
    ],
    [
      0.00043708813609555364,
      7.757294895327504e-08,
      4.519081358012045e-06,
      3.923889551060711e-07,
      7.71553550293902e-06
    ],
    [
      6.137349828350125e-06,
      3.4245793358422816e-05,
      5.05766877267888e-07,
      0.00038614115328527987,
      4.420413404204737e-07
    ],
    [
      0.0006920115556567907,
      1.2164964857674931e-07,
      1.2603276445588563e-05,
      1.6543320953132934e-06,
      4.079772679688176e-06
    ],
    [
      0.9046905040740967,
      1.11104597744216e-10,
      0.9122387170791626,
      1.3013785882254325e-10,
      0.9740417003631592
    ],
    [
      3.623084332549098e-10,
      0.44052183628082275,
      7.921248101894207e-10,
      0.4687511920928955,
      2.5882589405057388e-09
    ],
    [
      0.050292205065488815,
      3.5274387855110945e-09,
      0.015362781472504139,
      5.604012809357073e-09,
      0.0015608442481607199
    ],
    [
      3.868983744492738e-10,
      0.4292367398738861,
      2.1741615452430807e-10,
      0.416766881942749,
      1.9108810089818462e-09
    ],
    [
      8.6468080553459e-06,
      3.92418478440959e-05,
      1.1821027783298632e-06,
      0.0002494327200111002,
      2.663269924596534e-07
    ],
    [
      6.292067155300174e-06,
      5.331266947905533e-06,
      9.141164980519534e-08,
      1.6328216588590294e-05,
      4.859687692260195e-07
    ],
    [
      5.226905575028695e-09,
      0.007962736301124096,
      1.4422818495063439e-08,
      0.009845133870840073,
      1.130669460280842e-07
    ],
    [
      0.0001272523804800585,
      8.016871611005172e-09,
      2.209386451568207e-07,
      9.819097535057608e-09,
      2.1976706193527207e-05
    ],
    [
      0.00010030622070189565,
      1.7516077832624433e-07,
      4.6238423578870425e-07,
      2.010792059081723e-06,
      6.177046998345759e-07
    ]
  ],
  "final_entropy": [
    0.13353121280670166,
    0.3684503436088562,
    0.11502573639154434,
    0.36810895800590515,
    0.04302087426185608
  ],
  "entropy_history": [
    0.9999998211860657,
    0.9999998211860657,
    0.9999997019767761,
    0.9999996423721313,
    0.9999993443489075,
    0.999998927116394,
    0.9999982714653015,
    0.9999974370002747,
    0.9999960064888,
    0.9999938011169434,
    0.9999909400939941,
    0.9999860525131226,
    0.9999791383743286,
    0.9999666213989258,
    0.9999464750289917,
    0.9999176263809204,
    0.9998747110366821,
    0.9998133778572083,
    0.9997369050979614,
    0.9996374845504761,
    0.9995157122612,
    0.9993783235549927,
    0.9992285966873169,
    0.9990543127059937,
    0.9988667368888855,
    0.9986621737480164,
    0.9984380006790161,
    0.9981807470321655,
    0.9978847503662109,
    0.9975696802139282,
    0.997210681438446,
    0.9968041181564331,
    0.9963491559028625,
    0.9958770871162415,
    0.995356559753418,
    0.9947946667671204,
    0.9941241145133972,
    0.9934262037277222,
    0.992598831653595,
    0.9917003512382507,
    0.9907468557357788,
    0.9896427392959595,
    0.988460898399353,
    0.9871557354927063,
    0.9857591390609741,
    0.9842405319213867,
    0.9825074076652527,
    0.9806333780288696,
    0.9785119891166687,
    0.9761322140693665,
    0.973580002784729,
    0.9707169532775879,
    0.9675970077514648,
    0.9641799926757812,
    0.9604880213737488,
    0.9564470052719116,
    0.9519703984260559,
    0.9469882845878601,
    0.9416269063949585,
    0.9355780482292175,
    0.928869366645813,
    0.921613335609436,
    0.9138437509536743,
    0.9050824046134949,
    0.8956056833267212,
    0.8851453065872192,
    0.8737257122993469,
    0.8611714243888855,
    0.8476543426513672,
    0.8336004018783569,
    0.8178609609603882,
    0.8007534146308899,
    0.7872025370597839,
    0.7778953313827515,
    0.7659646272659302,
    0.7530543208122253,
    0.7375109791755676,
    0.723467230796814,
    0.7068411707878113,
    0.6918854117393494,
    0.6749955415725708,
    0.6593003869056702,
    0.6424261331558228,
    0.6254052519798279,
    0.6090474724769592,
    0.5920944809913635,
    0.5761137008666992,
    0.5608810186386108,
    0.545943558216095,
    0.5314735174179077,
    0.5170577764511108,
    0.5036188960075378,
    0.48987168073654175,
    0.476613849401474,
    0.4631364941596985,
    0.45031142234802246,
    0.43824833631515503,
    0.4263087213039398,
    0.41545456647872925,
    0.40377992391586304,
    0.3934851288795471,
    0.38346195220947266,
    0.3750373423099518,
    0.3666413426399231,
    0.3598198890686035,
    0.35243281722068787,
    0.34579914808273315,
    0.33940964937210083,
    0.33363762497901917,
    0.3281702995300293,
    0.3226866126060486,
    0.3172277808189392,
    0.31256237626075745,
    0.3081105351448059,
    0.3042231500148773,
    0.301005095243454,
    0.29709428548812866,
    0.2933722138404846,
    0.29040858149528503,
    0.28750160336494446,
    0.28457674384117126,
    0.2812860608100891,
    0.27835971117019653,
    0.2758464217185974,
    0.27408552169799805,
    0.2718741297721863,
    0.27266940474510193,
    0.27301734685897827,
    0.2735288739204407,
    0.2736978828907013,
    0.2737495005130768,
    0.2738008201122284,
    0.2740655243396759,
    0.2741498351097107,
    0.2744435667991638,
    0.2748453915119171,
    0.274527370929718,
    0.2747068405151367,
    0.2751994729042053,
    0.2757704555988312,
    0.27595242857933044,
    0.2761203646659851,
    0.276226669549942,
    0.2766258120536804,
    0.27738985419273376,
    0.27768224477767944,
    0.2781817317008972,
    0.2787415683269501,
    0.279100239276886,
    0.2795872390270233,
    0.27977311611175537,
    0.28003305196762085,
    0.28003963828086853,
    0.2810544967651367,
    0.28141897916793823,
    0.28216221928596497,
    0.28286606073379517,
    0.28306958079338074,
    0.2833055853843689,
    0.2838074862957001,
    0.2840506136417389,
    0.284701406955719,
    0.2854463458061218,
    0.28555911779403687,
    0.2859094738960266,
    0.28689098358154297,
    0.28641948103904724,
    0.28584426641464233,
    0.2858586013317108,
    0.2861427068710327,
    0.2862303555011749,
    0.2860197424888611,
    0.2864418029785156,
    0.2868442237377167,
    0.2871704399585724,
    0.287408709526062,
    0.2878849506378174,
    0.28799933195114136,
    0.2877112329006195,
    0.2881839871406555,
    0.28895583748817444,
    0.28908035159111023,
    0.2891528010368347,
    0.28928056359291077,
    0.2889828085899353,
    0.2886000871658325,
    0.2886309027671814,
    0.2888900339603424,
    0.28856366872787476,
    0.28872138261795044,
    0.2891616225242615,
    0.2898591458797455,
    0.29023516178131104,
