{
  "selected_indices": [
    11,
    11,
    10,
    1,
    16
  ],
  "selected_names": [
    "F8",
    "F8",
    "F7",
    "Fp2",
    "Fz"
  ],
  "n_unique": 4,
  "selection_probabilities": [
    [
      0.05183698982000351,
      0.129909947514534,
      6.111451188867134e-12,
      0.06089866906404495,
      0.06400709599256516
    ],
    [
      0.20870475471019745,
      0.25458383560180664,
      9.82281964101439e-13,
      0.25738516449928284,
      0.17044875025749207
    ],
    [
      1.903330542063486e-07,
      0.0006125092622824013,
      4.764133088031031e-09,
      1.9450472166226973e-07,
      2.506204509700183e-06
    ],
    [
      0.21061201393604279,
      0.2032630741596222,
      9.5262708312005e-13,
      0.24375617504119873,
      0.2178615778684616
    ],
    [
      1.3744637372692381e-11,
      1.9063126188711976e-08,
      6.416971882572398e-05,
      2.1072109335218414e-11,
      1.622767892284216e-10
    ],
    [
      3.736077269422822e-05,
      5.609556865238119e-06,
      2.539616954233548e-12,
      5.9768037317553535e-05,
      7.623265446454752e-06
    ],
    [
      1.6323491891512276e-08,
      1.08147041828488e-05,
      5.957496114206151e-07,
      1.688011397327216e-09,
      2.403929784122738e-07
    ],
    [
      3.769476050741183e-12,
      8.192826972397427e-11,
      1.783367042662576e-05,
      2.68261281244353e-12,
      1.297585996984374e-11
    ],
    [
      1.192245885350829e-10,
      5.171981243279333e-08,
      2.9913806429249234e-05,
      1.327297022291063e-10,
      5.492049037769675e-09
    ],
    [
      1.2979299926496601e-11,
      3.0043836862780893e-10,
      0.0011122593423351645,
      5.814698549044817e-12,
      5.549071271926387e-11
    ],
    [
      2.8673710541354813e-12,
      7.495299381155007e-10,
      0.9544006586074829,
      3.5730648040993573e-12,
      2.540598634248603e-11
    ],
    [
      0.26507365703582764,
      0.25940459966659546,
      4.876952249162347e-13,
      0.19930216670036316,
      0.2509475350379944
    ],
    [
      3.8689043288520075e-12,
      1.3731276116146773e-09,
      0.044320832937955856,
      4.521241887822658e-12,
      4.556217209072955e-11
    ],
    [
      9.890106156262846e-08,
      1.1916437188119744e-06,
      5.070921547251084e-12,
      2.1075085498978297e-07,
      1.9855764321619063e-07
    ],
    [
      1.5094905880808085e-10,
      8.933370168051624e-07,
      4.063848973601125e-05,
      5.606823338943911e-10,
      2.3866293830110408e-08
    ],
    [
      9.754218266433412e-12,
      2.771470830609246e-10,
      1.2879774658358656e-05,
      3.911794065752927e-12,
      4.9937574908565097e-11
    ],
    [
      0.25775307416915894,
      0.15132363140583038,
      5.47695309244256e-12,
      0.2371726781129837,
      0.2922118306159973
    ],
    [
      0.005981838330626488,
      0.0008838468347676098,
      3.4169587732196804e-12,
      0.001424918184056878,
      0.00451258197426796
    ],
    [
      2.5396247604891897e-11,
      1.7323495971055536e-09,
      2.039802211584174e-07,
      1.0321962035098053e-11,
      1.7367006444057864e-10
    ]
  ],
  "final_entropy": [
    0.5233292579650879,
    0.537975549697876,
    0.0651802346110344,
    0.5218310356140137,
    0.5231752395629883
  ],
  "entropy_history": [
    0.9999998211860657,
    0.9999998211860657,
    0.9999997019767761,
    0.9999996423721313,
    0.9999992251396179,
    0.9999988675117493,
    0.9999980926513672,
    0.9999969601631165,
    0.9999953508377075,
    0.9999931454658508,
    0.9999901056289673,
    0.999986469745636,
    0.9999817609786987,
    0.9999763369560242,
    0.9999693036079407,
    0.999960720539093,
    0.9999507665634155,
    0.9999387860298157,
    0.9999241828918457,
    0.9999083280563354,
    0.9998883008956909,
    0.9998631477355957,
    0.999833881855011,
    0.999798595905304,
    0.9997566938400269,
    0.9997075200080872,
    0.9996528625488281,
    0.999587893486023,
    0.9995099306106567,
    0.9994171857833862,
    0.9993200302124023,
    0.9992048144340515,
    0.9990671873092651,
    0.9989178776741028,
    0.9987400770187378,
    0.9985495805740356,
    0.9983183145523071,
    0.9980629682540894,
    0.9977664947509766,
    0.9974579811096191,
    0.9970914721488953,
    0.9966803789138794,
    0.9962100982666016,
    0.9956701397895813,
    0.9950203895568848,
    0.9943473935127258,
    0.9936174154281616,
    0.9928272366523743,
    0.9919618368148804,
    0.9910138845443726,
    0.9899415969848633,
    0.9887851476669312,
    0.9873930811882019,
    0.985874354839325,
    0.9842010736465454,
    0.9823033213615417,
    0.9803366661071777,
    0.9782294034957886,
    0.975904107093811,
    0.9733030200004578,
    0.9704970121383667,
    0.9675394296646118,
    0.9643405675888062,
    0.9608861207962036,
    0.9571090936660767,
    0.9529827237129211,
    0.9483447074890137,
    0.943470299243927,
    0.9382637143135071,
    0.9327861070632935,
    0.9271116256713867,
    0.9211536645889282,
    0.914473831653595,
    0.9071909785270691,
    0.899999737739563,
    0.8921327590942383,
    0.8838226199150085,
    0.8754105567932129,
    0.8666321635246277,
    0.8572304844856262,
    0.8475879430770874,
    0.8376069068908691,
    0.8272683024406433,
    0.8168840408325195,
    0.80584317445755,
    0.7949421405792236,
    0.78391432762146,
    0.7726292610168457,
    0.7607331275939941,
    0.7493184804916382,
    0.7376981973648071,
    0.729530394077301,
    0.7198446393013,
    0.7097097635269165,
    0.6996198892593384,
    0.6895647048950195,
    0.6820399761199951,
    0.6736118197441101,
    0.6646416783332825,
    0.6558975577354431,
    0.6469877362251282,
    0.6383799910545349,
    0.6296067833900452,
    0.621828556060791,
    0.6134244203567505,
    0.6051511168479919,
    0.5971234440803528,
    0.5894390344619751,
    0.5823227167129517,
    0.5753144025802612,
    0.5693483352661133,
    0.5618250370025635,
    0.5547593832015991,
    0.5473335981369019,
    0.539840817451477,
    0.5326434969902039,
    0.5259497165679932,
    0.5188153386116028,
    0.5118416547775269,
    0.5048953890800476,
    0.4991229176521301,
    0.4923979640007019,
    0.4857988953590393,
    0.48244237899780273,
    0.47759515047073364,
    0.47354215383529663,
    0.47422751784324646,
    0.4739612638950348,
    0.473515123128891,
    0.47366732358932495,
    0.4735943377017975,
    0.4740983843803406,
    0.47419318556785583,
    0.47353559732437134,
    0.4730207324028015,
    0.47231465578079224,
    0.4719467759132385,
    0.47180241346359253,
    0.4719243049621582,
    0.4713606834411621,
    0.4702659547328949,
    0.469757080078125,
    0.4697328507900238,
    0.4702471196651459,
    0.4698393940925598,
    0.4691346287727356,
    0.4686214029788971,
    0.46873992681503296,
    0.4688889980316162,
    0.46848469972610474,
    0.4682936668395996,
    0.46770066022872925,
    0.4673934578895569,
    0.4666297435760498,
    0.465798944234848,
    0.46477752923965454,
    0.46370571851730347,
    0.4636074900627136,
    0.46340832114219666,
    0.46237558126449585,
    0.46246248483657837,
    0.4626966416835785,
    0.46246641874313354,
    0.46160656213760376,
    0.46125489473342896,
    0.4610916078090668,
    0.46047982573509216,
    0.4605140686035156,
    0.4609282612800598,
    0.4610578417778015,
    0.46051090955734253,
    0.459916889667511,
    0.4601438641548157,
    0.460684597492218,
    0.4604942202568054,
    0.46039944887161255,
    0.4606047570705414,
    0.4610249996185303,
    0.4607723355293274,
    0.46121758222579956,
    0.46220332384109497,
    0.4632483422756195,
    0.4641569256782532,
    0.4643540382385254,
    0.4641806483268738,
    0.46377548575401306,
    0.46321386098861694,
    0.46247225999832153,
    0.461550235748291,
    0.46006685495376587,
    0.45979398488998413,
    0.45924147963523865,
    0.4595937132835388,
    0.4604758322238922,
    0.4606090188026428,
