{
  "selected_indices": [
    3,
    10,
    3,
    10,
    10
  ],
  "selected_names": [
    "F4",
    "F7",
    "F4",
    "F7",
    "F7"
  ],
  "n_unique": 2,
  "selection_probabilities": [
    [
      0.0028136172331869602,
      1.1965356483401024e-10,
      0.006349193397909403,
      1.0072086498169597e-09,
      4.943978820087791e-12
    ],
    [
      1.0280674359819386e-05,
      1.4271173132129888e-09,
      3.7915800930932164e-05,
      1.3324025438521403e-08,
      8.011018237663592e-11
    ],
    [
      1.473161592713268e-10,
      0.07324661314487457,
      3.4591451925081174e-10,
      0.01738976128399372,
      0.012293132953345776
    ],
    [
      0.7805518507957458,
      1.8441736852892188e-12,
      0.5886869430541992,
      3.7688768772525805e-11,
      4.4475783732983443e-13
    ],
    [
      1.1654222031864947e-10,
      0.0023297821171581745,
      2.604201299050146e-10,
      0.08458995074033737,
      0.0049216365441679955
    ],
    [
      5.9489252635103185e-06,
      2.6293010737393763e-12,
      4.427425665198825e-06,
      3.6182792872985203e-10,
      1.558590496247847e-12
    ],
    [
      2.457890957430209e-07,
      1.7153849452000713e-09,
      1.2707015457635862e-06,
      5.517222689377377e-06,
      2.7527102375302093e-08
    ],
    [
      2.3042047436749868e-10,
      5.4288098461086065e-09,
      2.364071438609727e-10,
      0.00010790763917611912,
      7.422542580570735e-08
    ],
    [
      4.895678884508925e-08,
      1.222125511901595e-08,
      1.3736081427850877e-07,
      8.280823749373667e-06,
      1.6067910735273472e-07
    ],
    [
      7.474001417762111e-10,
      1.9241591431296e-08,
      1.2924088466093053e-09,
      0.00010857945017050952,
      5.435818479782029e-07
    ],
    [
      6.763168042094037e-13,
      0.9154835939407349,
      1.4666076512959147e-12,
      0.49836522340774536,
      0.7300387620925903
    ],
    [
      0.2066401243209839,
      8.591856067753645e-13,
      0.39918413758277893,
      5.483014389739971e-11,
      4.302255437755448e-13
    ],
    [
      7.101898062689127e-12,
      0.008936148136854172,
      3.852268851134433e-11,
      0.37119975686073303,
      0.252714604139328
    ],
    [
      0.009763767942786217,
      2.32542636405611e-13,
      0.0049682967364788055,
      8.962190711780949e-11,
      5.37339541351739e-13
    ],
    [
      3.398888637207165e-08,
      1.4855277186143212e-07,
      1.425748905603541e-07,
      3.0381996111827902e-05,
      1.421552838110074e-06
    ],
    [
      5.884556397717233e-09,
      1.8710746840788772e-10,
      1.1612028671947883e-08,
      1.0443706059959368e-06,
      5.551351378585423e-09
    ],
    [
      0.00021410291083157063,
      8.037429388707551e-09,
      0.0007675453089177608,
      1.7774169691620045e-08,
      2.132412302291442e-10
    ],
    [
      2.1719353746063597e-11,
      3.7085285384819144e-06,
      4.4391892939366073e-11,
      0.02818841114640236,
      2.9594450097647496e-05
    ],
    [
      4.826536947888371e-09,
      4.839785239241223e-10,
      1.3772355700325534e-08,
      5.197101927478798e-06,
      1.2732159326844794e-08
    ]
  ],
  "final_entropy": [
    0.19797886908054352,
    0.1116107851266861,
    0.25232383608818054,
    0.37272462248802185,
    0.22343412041664124
  ],
  "entropy_history": [
    0.9999998211860657,
    0.9999997019767761,
    0.9999996423721313,
    0.9999996423721313,
    0.9999993443489075,
    0.9999990463256836,
    0.9999984502792358,
    0.999997615814209,
    0.9999961853027344,
    0.9999943971633911,
    0.9999918937683105,
    0.9999887347221375,
    0.99998539686203,
    0.9999808073043823,
    0.9999746084213257,
    0.9999666213989258,
    0.9999557733535767,
    0.999942421913147,
    0.9999262690544128,
    0.9999046325683594,
    0.9998790621757507,
    0.9998424649238586,
    0.999788761138916,
    0.9997185468673706,
    0.9996198415756226,
    0.999485969543457,
    0.9993091821670532,
    0.999072253704071,
    0.9987959861755371,
    0.998498797416687,
    0.998171329498291,
    0.997813880443573,
    0.9973913431167603,
    0.9969674944877625,
    0.9964572191238403,
    0.9959009885787964,
    0.995278000831604,
    0.994615375995636,
    0.9938676953315735,
    0.9930161237716675,
    0.9920648336410522,
    0.9909879565238953,
    0.9898307919502258,
    0.9885231256484985,
    0.9871743321418762,
    0.9856240153312683,
    0.9839264154434204,
    0.9819520711898804,
    0.9798240661621094,
    0.9775251150131226,
    0.9750836491584778,
    0.9723290205001831,
    0.9692560434341431,
    0.9659510850906372,
    0.9620755910873413,
    0.9578496813774109,
    0.9533997774124146,
    0.9486212730407715,
    0.9433721303939819,
    0.9374899864196777,
    0.9311783909797668,
    0.9241344332695007,
    0.9163476228713989,
    0.907964825630188,
    0.8990899324417114,
    0.8893778920173645,
    0.8785413503646851,
    0.8675475120544434,
    0.85530024766922,
    0.8420965075492859,
    0.8281243443489075,
    0.8131164312362671,
    0.7969504594802856,
    0.7854503393173218,
    0.7752209901809692,
    0.7631428837776184,
    0.7499961853027344,
    0.736984372138977,
    0.7227003574371338,
    0.7085095643997192,
    0.6941097974777222,
    0.6793688535690308,
    0.662993311882019,
    0.649676501750946,
    0.6341755390167236,
    0.6199768781661987,
    0.6037783026695251,
    0.5897489786148071,
    0.5741804838180542,
    0.558343768119812,
    0.544899046421051,
    0.5308101177215576,
    0.5169695615768433,
    0.5037298202514648,
    0.49084752798080444,
    0.4786805212497711,
    0.46702975034713745,
    0.4556460976600647,
    0.44422730803489685,
    0.43731266260147095,
    0.4280105233192444,
    0.4190730154514313,
    0.4131496548652649,
    0.40484419465065,
    0.3970557451248169,
    0.3914920687675476,
    0.38510245084762573,
    0.3792143166065216,
    0.3722763657569885,
    0.3677634596824646,
    0.36169981956481934,
    0.3554791808128357,
    0.3497888147830963,
    0.3474477231502533,
    0.34133270382881165,
    0.33638235926628113,
    0.3312050402164459,
    0.32670778036117554,
    0.3228001892566681,
    0.3180970847606659,
    0.31503239274024963,
    0.3108813166618347,
    0.3062799274921417,
    0.30153217911720276,
    0.2981402575969696,
    0.29429516196250916,
    0.29374998807907104,
    0.29398113489151,
    0.29384052753448486,
    0.29387331008911133,
    0.29427921772003174,
    0.2945573925971985,
    0.2945147454738617,
    0.29469454288482666,
    0.29432088136672974,
    0.2930573523044586,
    0.2895627021789551,
    0.2901518940925598,
    0.28990626335144043,
    0.2902255356311798,
    0.290427565574646,
    0.28975462913513184,
    0.28946933150291443,
    0.28931280970573425,
    0.2892524003982544,
    0.2899606227874756,
    0.29024049639701843,
    0.29070723056793213,
    0.28792279958724976,
    0.2854558527469635,
    0.28520750999450684,
    0.2851296663284302,
    0.28548890352249146,
    0.2855985760688782,
    0.286994069814682,
    0.28799954056739807,
    0.2882867455482483,
    0.28832748532295227,
    0.2887868881225586,
    0.2893984615802765,
    0.2899850308895111,
    0.2901277244091034,
    0.289943128824234,
    0.2898786664009094,
    0.28960761427879333,
    0.2850193381309509,
    0.28368014097213745,
    0.28316131234169006,
    0.2833154499530792,
    0.28371620178222656,
    0.28393489122390747,
    0.2840440571308136,
    0.28461846709251404,
    0.285170316696167,
    0.2858505845069885,
    0.286335289478302,
    0.28734809160232544,
    0.28814220428466797,
    0.2881757616996765,
    0.2875586152076721,
    0.2874128222465515,
    0.2831675112247467,
    0.28123679757118225,
    0.28166061639785767,
    0.28275224566459656,
    0.2828744649887085,
    0.28278401494026184,
    0.2820446491241455,
    0.2822856903076172,
    0.2829734683036804,
    0.2829969525337219,
    0.28278565406799316,
    0.2828133702278137,
