{
  "selected_indices": [
    9,
    17,
    11,
    10,
    3
  ],
  "selected_names": [
    "O2",
    "Cz",
    "F8",
    "F7",
    "F4"
  ],
  "n_unique": 5,
  "selection_probabilities": [
    [
      1.1259975408862775e-19,
      4.126985754006329e-14,
      1.330786284121921e-12,
      1.8769599589851804e-14,
      1.8428109732626652e-11
    ],
    [
      6.385454792150654e-23,
      1.2514610148173233e-07,
      0.2788866460323334,
      3.0902245525626067e-18,
      0.0036084901075810194
    ],
    [
      7.746725107571416e-18,
      1.1593893696858876e-15,
      4.080852273940713e-14,
      1.4019376805285422e-11,
      1.6123161020262927e-13
    ],
    [
      5.341947693458127e-23,
      0.0009730489691719413,
      0.29176801443099976,
      7.110437824663349e-19,
      0.6082603335380554
    ],
    [
      5.200488647023948e-18,
      7.842214175740047e-17,
      1.7484089873055948e-15,
      5.1068424662681355e-12,
      1.8536471135295477e-15
    ],
    [
      2.7369504115529527e-21,
      1.716988845146261e-05,
      0.0009836399694904685,
      2.97941258393189e-17,
      0.006274992134422064
    ],
    [
      1.9770640689615702e-17,
      4.981801646555817e-13,
      1.63160858521888e-12,
      1.7123726481910184e-13,
      1.2488949761510493e-12
    ],
    [
      1.3574921631231973e-08,
      1.872801069565809e-15,
      3.828999732568856e-15,
      2.354426669626264e-06,
      1.1521736527093235e-13
    ],
    [
      3.195079766623969e-14,
      5.0549412745903854e-12,
      1.0329249608420632e-11,
      2.4556647826301514e-09,
      3.254374417518968e-12
    ],
    [
      1.0,
      1.8788271584141078e-14,
      4.3284291624014204e-14,
      5.709409833798418e-06,
      1.779363006763901e-12
    ],
    [
      1.6726730677624202e-12,
      6.2145698918027195e-18,
      3.994413091069004e-16,
      0.6825255751609802,
      3.179380519166379e-16
    ],
    [
      1.904532881194021e-24,
      0.06115623936057091,
      0.3925306797027588,
      3.3446799268163055e-20,
      0.35894447565078735
    ],
    [
      1.0290496232912005e-10,
      3.5790066104959564e-18,
      1.610586297694157e-16,
      0.31746622920036316,
      9.717001828734743e-17
    ],
    [
      9.528434032078974e-22,
      3.287732752710326e-08,
      0.002794238505885005,
      2.17672693998615e-17,
      0.002529008546844125
    ],
    [
      4.4908301117521296e-14,
      6.595224579239781e-16,
      7.119158608708941e-15,
      8.757204028597698e-08,
      1.2284368062164507e-14
    ],
    [
      3.5422986158911707e-12,
      2.6770925225434207e-15,
      1.0249046145734304e-14,
      6.530527674186715e-09,
      5.475322276192289e-14
    ],
    [
      6.295940031553712e-22,
      1.0359665125747597e-08,
      1.8893613287218614e-06,
      3.431023089011546e-17,
      7.086345704010455e-06
    ],
    [
      7.088440299229306e-23,
      0.9378532767295837,
      0.03303493186831474,
      2.2958815627618622e-18,
      0.02037559635937214
    ],
    [
      2.3789507621871938e-18,
      7.555553338534082e-08,
      6.693274379188097e-09,
      1.6044538744472425e-14,
      3.932832015607346e-08
    ]
  ],
  "final_entropy": [
    9.683277113481381e-08,
    0.0808321088552475,
    0.4138365089893341,
    0.21228183805942535,
    0.2774125635623932
  ],
  "entropy_history": [
    0.9999998211860657,
    0.9999998211860657,
    0.9999996423721313,
    0.9999993443489075,
    0.9999983906745911,
    0.9999967813491821,
    0.9999943971633911,
    0.9999901056289673,
    0.9999836683273315,
    0.9999738931655884,
    0.9999572038650513,
    0.999933123588562,
    0.9998955726623535,
    0.9998434782028198,
    0.9997819066047668,
    0.9997071027755737,
    0.9996209144592285,
    0.9995239973068237,
    0.9994107484817505,
    0.9992892146110535,
    0.9991559982299805,
    0.9989995956420898,
    0.9988337755203247,
    0.9986380338668823,
    0.9984234571456909,
    0.9981821775436401,
    0.9979187846183777,
    0.9976285696029663,
    0.9973196983337402,
    0.9969688653945923,
    0.9965721964836121,
    0.9961482286453247,
    0.99567049741745,
    0.9951308965682983,
    0.9945486187934875,
    0.9939190745353699,
    0.9932078123092651,
    0.9924762845039368,
    0.9916678667068481,
    0.9907646179199219,
    0.989742636680603,
    0.9886206388473511,
    0.9874107241630554,
    0.9861222505569458,
    0.9846693277359009,
    0.9830772280693054,
    0.9813492894172668,
    0.9793998003005981,
    0.9773456454277039,
    0.97508704662323,
    0.9726232290267944,
    0.9698724746704102,
    0.9669431447982788,
    0.963817298412323,
    0.9603803753852844,
    0.9566868543624878,
    0.9526055455207825,
    0.9482752084732056,
    0.9435702562332153,
    0.9384391903877258,
    0.9328522682189941,
    0.9268089532852173,
    0.9205671548843384,
    0.9136845469474792,
    0.9063400030136108,
    0.8986737132072449,
    0.8904196619987488,
    0.8818027377128601,
    0.8722639083862305,
    0.8619197607040405,
    0.8513500094413757,
    0.8405125737190247,
    0.8284000158309937,
    0.816214382648468,
    0.8032213449478149,
    0.7895093560218811,
    0.7754606604576111,
    0.7603632807731628,
    0.7454436421394348,
    0.7305318117141724,
    0.714393675327301,
    0.6973447799682617,
    0.6806892156600952,
    0.6654816269874573,
    0.6620997190475464,
    0.6530441045761108,
    0.6431943774223328,
    0.6359826922416687,
    0.626029372215271,
    0.6162646412849426,
    0.6091747879981995,
    0.5989087224006653,
    0.5925581455230713,
    0.5826987624168396,
    0.5730118751525879,
    0.5677636861801147,
    0.5596846342086792,
    0.549627423286438,
    0.5390637516975403,
    0.5331444144248962,
    0.5232934355735779,
    0.5133410692214966,
    0.5045115947723389,
    0.4943244457244873,
    0.4887639582157135,
    0.47817540168762207,
    0.470022976398468,
    0.4622615873813629,
    0.4526529312133789,
    0.4442766308784485,
    0.43646082282066345,
    0.42769861221313477,
    0.4191132187843323,
    0.4104889929294586,
    0.40179139375686646,
    0.3942500054836273,
    0.38697847723960876,
    0.37954646348953247,
    0.37045949697494507,
    0.3615702986717224,
    0.3552638590335846,
    0.34736883640289307,
    0.33963915705680847,
    0.33224186301231384,
    0.32582396268844604,
    0.3173767626285553,
    0.3160429000854492,
    0.3149549067020416,
    0.3160768151283264,
    0.3136214315891266,
    0.3096172511577606,
    0.30809903144836426,
    0.3072168231010437,
    0.3076162338256836,
    0.3041110634803772,
    0.30298104882240295,
    0.30177825689315796,
    0.2987784445285797,
    0.29770439863204956,
    0.29632604122161865,
    0.2924724221229553,
    0.2932485044002533,
    0.2936165928840637,
    0.2919657528400421,
    0.2914610505104065,
    0.29049912095069885,
    0.2882336974143982,
    0.2876116633415222,
    0.2867375910282135,
    0.2850530445575714,
    0.2827911376953125,
    0.2823775112628937,
    0.2824121415615082,
    0.2808085083961487,
    0.2802121341228485,
    0.2837007939815521,
    0.282298743724823,
    0.28062963485717773,
    0.2808016538619995,
    0.2803637981414795,
    0.28037160634994507,
    0.2800043523311615,
    0.2800011932849884,
    0.27902910113334656,
    0.27792277932167053,
    0.27644333243370056,
    0.27545976638793945,
    0.27510175108909607,
    0.2734867334365845,
    0.2706526815891266,
    0.2700110077857971,
    0.26956990361213684,
    0.2688959240913391,
    0.2684348225593567,
    0.26776280999183655,
    0.2676878571510315,
    0.26851287484169006,
    0.2672036290168762,
    0.267157644033432,
    0.2666734457015991,
    0.26393216848373413,
    0.26275157928466797,
    0.2627364993095398,
    0.26135560870170593,
    0.2609550654888153,
    0.26077762246131897,
    0.2616306245326996,
    0.2620674967765808,
    0.26140084862709045,
    0.2609556019306183,
    0.26068970561027527,
    0.2603645324707031,
    0.2602807879447937,
