{
  "selected_indices": [
    3,
    11,
    10,
    17,
    14
  ],
  "selected_names": [
    "F4",
    "F8",
    "F7",
    "Cz",
    "T5"
  ],
  "n_unique": 5,
  "selection_probabilities": [
    [
      5.776615080374525e-13,
      1.4856873327070974e-12,
      1.5157703719026645e-14,
      9.412230730275245e-19,
      6.864139898837829e-12
    ],
    [
      0.11702670902013779,
      0.008024932816624641,
      1.2018990548677146e-17,
      1.1478901596612134e-12,
      5.9685401593127536e-15
    ],
    [
      8.951308528962987e-18,
      8.167310211926355e-15,
      5.011372176608186e-13,
      8.991658438017415e-21,
      1.6554689841186132e-09
    ],
    [
      0.7330223321914673,
      0.1773930788040161,
      3.2431562374520364e-19,
      4.2314288184464033e-10,
      1.5048408516743581e-15
    ],
    [
      1.9935542867040905e-18,
      1.7431104256436048e-16,
      2.6792228104057653e-14,
      1.4527683635131286e-21,
      3.5119132602012826e-10
    ],
    [
      2.1682186753489707e-13,
      5.194224494964317e-10,
      1.6025905755057756e-19,
      9.660853931073299e-14,
      2.2804832024506116e-13
    ],
    [
      7.87105472115177e-16,
      5.5693115050270414e-12,
      1.7287475096414177e-18,
      9.545451451833942e-16,
      3.1824420876347403e-09
    ],
    [
      5.922863925002858e-19,
      7.389559901076247e-16,
      1.9466985532248793e-15,
      3.1699696879223027e-20,
      0.00033966064802370965
    ],
    [
      6.32635276367742e-17,
      1.8120566353842238e-13,
      1.2535122001803775e-15,
      1.9495991497239414e-18,
      0.00013491453137248755
    ],
    [
      1.2381383338120302e-17,
      2.151905201949679e-15,
      7.551922141021267e-15,
      3.084571044494445e-20,
      0.16439029574394226
    ],
    [
      4.9299661585572845e-21,
      6.21001129944694e-18,
      0.9995129108428955,
      1.0619145368271351e-23,
      0.00024775491328909993
    ],
    [
      0.14995089173316956,
      0.8145526051521301,
      1.1472776991847418e-21,
      6.752840420176653e-08,
      1.9716641346611505e-16
    ],
    [
      4.904699587473554e-21,
      4.6083791160783834e-18,
      0.00048712294665165246,
      1.6543908862760917e-23,
      0.01956862583756447
    ],
    [
      1.834477991735639e-08,
      2.01892398763448e-05,
      4.0391304274207354e-19,
      1.0265797408112384e-13,
      2.3146276426555187e-14
    ],
    [
      1.0333431793178347e-18,
      7.204680666657011e-16,
      7.025076520505991e-09,
      8.793117723443e-22,
      0.8153046369552612
    ],
    [
      7.376471620767167e-18,
      3.8040948463372113e-16,
      2.0743389644861665e-14,
      5.309730109217921e-21,
      1.395964682160411e-05
    ],
    [
      3.334706399904519e-10,
      1.8350689856561075e-08,
      4.966839737043647e-16,
      7.9321956768669535e-16,
      3.489107060997837e-13
    ],
    [
      1.1340806604966396e-15,
      9.186501301883254e-06,
      1.6256171027166211e-21,
      0.9999998807907104,
      7.39153814652456e-14
    ],
    [
      5.891923751178195e-19,
      2.4271733169330123e-13,
      9.495438896043485e-19,
      8.882350650284729e-16,
      5.837188155055628e-08
    ]
  ],
  "final_entropy": [
    0.259217232465744,
    0.17419494688510895,
    0.0014272406697273254,
    4.3476057953739655e-07,
    0.18556934595108032
  ],
  "entropy_history": [
    0.9999997019767761,
    0.9999996423721313,
    0.9999994039535522,
    0.9999991655349731,
    0.9999984502792358,
    0.9999974966049194,
    0.9999958872795105,
    0.9999934434890747,
    0.9999902844429016,
    0.9999858736991882,
    0.9999798536300659,
    0.9999715089797974,
    0.999960720539093,
    0.9999445080757141,
    0.9999225735664368,
    0.9998925924301147,
    0.999853789806366,
    0.9997917413711548,
    0.999718189239502,
    0.9996253848075867,
    0.9995111227035522,
    0.999382495880127,
    0.9992384910583496,
    0.9990710020065308,
    0.9988862872123718,
    0.9986855387687683,
    0.9984585642814636,
    0.9981929659843445,
    0.9978904724121094,
    0.9975549578666687,
    0.9971719980239868,
    0.9967759847640991,
    0.9963359832763672,
    0.9958319664001465,
    0.9952778816223145,
    0.9946772456169128,
    0.9940144419670105,
    0.9932569265365601,
    0.992466926574707,
    0.991605281829834,
    0.9906794428825378,
    0.9895889163017273,
    0.9883891344070435,
    0.9871137738227844,
    0.9856947064399719,
    0.9841492772102356,
    0.9824228286743164,
    0.9805454015731812,
    0.9784836769104004,
    0.9761648178100586,
    0.9736896753311157,
    0.9709692001342773,
    0.9679738283157349,
    0.9647223353385925,
    0.9612196683883667,
    0.9574682116508484,
    0.953281044960022,
    0.9486497044563293,
    0.9435170888900757,
    0.938012957572937,
    0.9319847226142883,
    0.9254735112190247,
    0.9183611869812012,
    0.9106634259223938,
    0.9023029208183289,
    0.8932069540023804,
    0.8831226229667664,
    0.8728817105293274,
    0.8615407943725586,
    0.8490872383117676,
    0.8359220623970032,
    0.8218541145324707,
    0.807083785533905,
    0.7918735146522522,
    0.7803241014480591,
    0.7692923545837402,
    0.7544788122177124,
    0.7441532611846924,
    0.7295836210250854,
    0.7151421308517456,
    0.7014966011047363,
    0.6850049495697021,
    0.6709960103034973,
    0.6550630927085876,
    0.6409144401550293,
    0.6250603795051575,
    0.6102728843688965,
    0.5942670106887817,
    0.5787147879600525,
    0.5634340047836304,
    0.5483371615409851,
    0.5340980291366577,
    0.5214384198188782,
    0.5070058703422546,
    0.49225011467933655,
    0.479043573141098,
    0.46728190779685974,
    0.4573515057563782,
    0.4472963809967041,
    0.43650513887405396,
    0.4257822632789612,
    0.41511306166648865,
    0.4067912995815277,
    0.39830079674720764,
    0.3901996910572052,
    0.3812442719936371,
    0.3726571202278137,
    0.3645038306713104,
    0.3564549386501312,
    0.3475778102874756,
    0.33866479992866516,
    0.32996052503585815,
    0.32087498903274536,
    0.31262022256851196,
    0.30463284254074097,
    0.29581525921821594,
    0.288057804107666,
    0.280895471572876,
    0.2752537429332733,
    0.2670848071575165,
    0.25821369886398315,
    0.25071319937705994,
    0.243465393781662,
    0.23484158515930176,
    0.22757379710674286,
    0.2197534590959549,
    0.22041460871696472,
    0.22016945481300354,
    0.21936027705669403,
    0.2198544293642044,
    0.21995094418525696,
    0.2203482836484909,
    0.21993282437324524,
    0.21967852115631104,
    0.21947631239891052,
    0.2192724645137787,
    0.21885034441947937,
    0.21824252605438232,
    0.21790549159049988,
    0.21728257834911346,
    0.21560856699943542,
    0.2170814573764801,
    0.2164096087217331,
    0.2151758372783661,
    0.21432919800281525,
    0.2136598378419876,
    0.2139069139957428,
    0.21284806728363037,
    0.21444454789161682,
    0.21379470825195312,
    0.21157166361808777,
    0.21157625317573547,
    0.21154841780662537,
    0.2125164270401001,
    0.2115848958492279,
    0.21221089363098145,
    0.21163873374462128,
    0.21015460789203644,
    0.2090742141008377,
    0.20914702117443085,
    0.20760321617126465,
    0.20676429569721222,
    0.20712940394878387,
    0.20757468044757843,
    0.2070980966091156,
    0.20700891315937042,
    0.20705528557300568,
    0.2071007788181305,
    0.20619013905525208,
    0.20536044239997864,
    0.20574331283569336,
    0.20628421008586884,
    0.206080824136734,
    0.20491929352283478,
    0.20516927540302277,
    0.20504455268383026,
    0.20433974266052246,
    0.20315024256706238,
    0.20353731513023376,
    0.20402459800243378,
    0.2030254304409027,
    0.2012992799282074,
    0.199485182762146,
    0.19741949439048767,
    0.19632038474082947,
    0.19619259238243103,
    0.19548547267913818,
    0.19707784056663513,
    0.19785472750663757,
    0.19730335474014282,
    0.19675420224666595,
